69,80,0,0,0,340.25,175.69,359.94,19.26,20.00,10.23,3.00,3.00,3.00,31.00,101399.14,-6.17,0.00,0.00,0.00
70,80,0,0,0,340.25,175.69,359.94,19.26,20.00,10.23,3.00,3.00,3.00,31.00,101399.23,-6.18,0.00,0.00,0.00
71,80,0,0,0,340.25,175.69,359.94,19.26,20.00,10.23,3.00,3.00,3.00,31.01,101399.36,-6.19,0.00,0.00,0.00
72,80,0,0,0,340.25,175.69,359.94,19.26,20.00,10.23,3.00,3.00,3.00,31.02,101400.20,-6.26,0.00,0.00,0.00
73,80,0,0,0,340.25,175.69,359.94,19.26,20.00,10.23,3.00,3.00,3.00,31.02,101400.08,-6.25,0.00,0.00,0.00
Reading file: /blackbox.txt
Read from file:
1,80,0,0,0,359.94,173.62,188.12,18.91,18.63,29.64,3.00,3.00,3.00,31.13,101184.22,11.73,0.00,0.00,0.00
2,80,0,0,0,359.94,173.62,188.12,18.91,18.63,29.64,3.00,3.00,3.00,31.12,101184.78,11.68,0.00,0.00,0.00
3,80,0,0,0,359.94,173.62,188.12,18.91,18.62,29.64,3.00,3.00,3.00,31.11,101185.34,11.63,0.00,0.00,0.00
4,80,0,0,0,359.94,173.62,188.12,18.91,18.62,29.64,3.00,3.00,3.00,31.10,101185.96,11.58,0.00,0.00,0.00
5,80,0,0,0,359.94,173.62,188.12,18.91,18.62,29.64,3.00,3.00,3.00,31.10,101186.27,11.56,0.00,0.00,0.00
6,80,0,0,0,359.94,173.62,188.12,18.91,18.62,29.64,2.99,2.99,3.00,31.09,101186.66,11.52,0.00,0.00,0.00
7,80,0,0,0,359.94,173.69,188.12,18.92,18.62,29.64,3.00,3.00,3.00,31.09,101187.62,11.44,0.00,0.00,0.00
8,80,0,0,0,359.94,173.62,188.12,18.91,18.63,29.64,3.00,3.00,3.00,31.08,101187.61,11.45,0.00,0.00,0.00
9,80,0,0,0,359.94,173.62,188.12,18.91,18.63,29.64,3.00,3.00,3.00,31.06,101187.70,11.44,0.00,0.00,0.00
10,80,0,0,0,359.94,173.62,188.12,18.91,18.63,29.64,3.00,3.00,3.00,31.05,101187.66,11.44,0.00,0.00,0.00
11,80,0,0,0,359.94,173.62,188.12,18.91,18.63,29.64,3.00,3.00,3.00,31.04,101187.66,11.44,0.00,0.00,0.00
12,80,0,0,0,359.94,173.62,188.12,18.91,18.63,29.64,3.00,3.00,3.00,31.02,101187.75,11.43,0.00,0.00,0.00
13,80,0,0,0,359.94,173.62,188.12,18.91,18.63,29.64,3.00,3.00,3.00,31.01,101187.71,11.44,0.00,0.00,0.00
14,80,0,0,0,359.94,173.62,188.12,18.91,18.63,29.64,3.00,3.00,3.00,31.01,101187.95,11.42,0.00,0.00,0.00
15,80,0,0,0,359.94,173.62,188.12,18.91,18.63,29.64,3.00,3.00,3.00,31.00,101188.63,11.36,0.00,0.00,0.00
16,80,0,0,0,359.94,173.62,188.12,18.91,18.63,29.64,3.00,3.00,3.00,30.99,101188.63,11.36,0.00,0.00,0.00
17,80,0,0,0,359.94,173.62,188.12,18.91,18.63,29.64,3.00,3.00,3.00,30.98,101188.62,11.36,0.00,0.00,0.00
18,80,0,0,0,359.94,173.62,188.06,18.91,18.63,29.64,3.00,2.99,3.00,30.97,101188.58,11.36,0.00,0.00,0.00
19,80,0,0,0,359.94,173.62,188.06,18.91,18.63,29.64,3.00,3.00,3.00,30.95,101188.70,11.35,0.00,0.00,0.00
20,80,0,0,0,359.94,173.62,188.06,18.91,18.63,29.64,3.00,3.00,3.00,30.95,101188.75,11.35,0.00,0.00,0.00
21,80,0,0,0,359.94,173.62,188.06,18.91,18.63,29.64,3.00,3.00,3.00,30.94,101188.80,11.35,0.00,0.00,0.00
22,80,0,0,0,359.94,173.62,188.06,18.91,18.63,29.64,3.00,3.00,3.00,30.93,101188.55,11.37,0.00,0.00,0.00
23,80,0,0,0,359.94,173.62,188.06,18.91,18.63,29.64,3.00,3.00,3.00,30.92,101188.79,11.35,0.00,0.00,0.00
24,80,0,0,0,359.94,173.62,188.12,18.91,18.62,29.64,3.01,3.01,3.00,30.91,101188.97,11.33,0.00,0.00,0.00
25,80,0,0,0,359.94,173.62,188.12,18.91,18.62,29.64,3.00,3.00,3.00,30.90,101189.42,11.29,0.00,0.00,0.00
26,80,0,0,0,359.94,173.62,188.12,18.91,18.63,29.64,3.00,3.00,3.00,30.89,101189.88,11.26,0.00,0.00,0.00
27,80,0,0,0,359.94,173.62,188.12,18.91,18.63,29.64,3.00,3.00,3.00,30.89,101190.48,11.21,0.00,0.00,0.00
28,80,0,0,0,359.94,173.62,188.12,18.91,18.63,29.64,3.00,3.00,3.00,30.88,101190.50,11.20,0.00,0.00,0.00
29,80,0,0,0,359.94,173.62,188.12,18.91,18.63,29.64,3.00,3.00,3.00,30.87,101190.89,11.17,0.00,0.00,0.00
30,80,0,0,0,359.94,173.62,188.12,18.91,18.63,29.64,3.00,3.00,3.00,30.86,101190.61,11.20,0.00,0.00,0.00
31,80,0,0,0,359.94,173.62,188.06,18.91,18.63,29.64,3.00,3.00,3.00,30.86,101190.49,11.20,0.00,0.00,0.00
32,80,0,0,0,359.94,173.62,188.12,18.91,18.62,29.64,3.00,3.00,3.00,30.85,101190.70,11.19,0.00,0.00,0.00
33,80,0,0,0,359.94,173.56,188.06,18.90,18.64,29.64,2.99,2.99,3.00,30.85,101191.19,11.15,0.00,0.00,0.00
34,80,0,0,0,359.94,173.56,188.06,18.90,18.64,29.64,3.00,3.00,3.00,30.84,101191.06,11.16,0.00,0.00,0.00
35,80,0,0,0,359.94,173.56,188.06,18.90,18.64,29.64,3.00,3.00,3.00,30.84,101191.14,11.15,0.00,0.00,0.00
36,80,0,0,0,359.94,173.56,188.06,18.90,18.63,29.64,2.98,2.99,3.00,30.83,101191.05,11.16,0.00,0.00,0.00
37,80,0,0,0,359.94,173.56,188.06,18.90,18.63,29.64,2.99,3.00,3.00,30.83,101191.28,11.14,0.00,0.00,0.00
38,80,0,0,0,359.94,173.56,188.06,18.90,18.63,29.64,3.01,3.01,3.00,30.82,101190.80,11.18,0.00,0.00,0.00
39,80,0,0,0,359.94,173.56,188.06,18.90,18.63,29.64,2.99,2.99,3.00,30.81,101191.02,11.16,0.00,0.00,0.00
40,80,0,0,0,359.94,173.56,188.06,18.90,18.64,29.64,3.00,3.00,3.00,30.81,101191.09,11.15,0.00,0.00,0.00
41,80,0,0,0,359.94,173.56,188.06,18.90,18.64,29.64,3.00,3.00,3.00,30.80,101191.14,11.15,0.00,0.00,0.00
42,80,0,0,0,359.94,173.56,188.06,18.90,18.64,29.64,3.00,3.00,3.00,30.79,101191.20,11.15,0.00,0.00,0.00
43,80,0,0,0,359.94,173.56,188.06,18.90,18.64,29.64,3.00,3.00,3.00,30.79,101191.28,11.14,0.00,0.00,0.00
44,80,0,0,0,359.94,173.56,188.06,18.90,18.64,29.64,3.01,3.01,3.00,30.78,101191.89,11.09,0.00,0.00,0.00
45,80,0,0,0,359.94,173.56,188.00,18.90,18.64,29.64,2.99,3.00,3.00,30.78,101191.83,11.09,0.00,0.00,0.00
46,80,0,0,0,359.94,173.56,188.12,18.90,18.63,29.64,3.02,3.01,3.00,30.77,101192.10,11.07,0.00,0.00,0.00
47,80,0,0,0,359.94,173.56,188.12,18.90,18.62,29.64,3.01,3.00,3.00,30.77,101192.58,11.03,0.00,0.00,0.00
48,80,0,0,0,359.94,173.56,188.12,18.90,18.62,29.64,3.00,3.00,3.00,30.77,101193.02,10.99,0.00,0.00,0.00
49,80,0,0,0,359.94,173.56,188.19,18.90,18.61,29.64,3.00,3.00,3.00,30.76,101192.92,11.00,0.00,0.00,0.00
50,80,0,0,0,359.94,173.56,188.19,18.90,18.61,29.64,3.00,3.00,3.00,30.76,101192.87,11.01,0.00,0.00,0.00
51,80,0,0,0,359.94,173.50,188.19,18.89,18.61,29.64,3.00,3.01,3.00,30.75,101192.41,11.04,0.00,0.00,0.00
52,80,0,0,0,359.94,173.56,188.19,18.90,18.61,29.64,3.00,3.00,3.00,30.75,101192.20,11.06,0.00,0.00,0.00
53,80,0,0,0,359.94,173.50,188.12,18.89,18.62,29.64,3.01,3.00,3.00,30.75,101192.00,11.08,0.00,0.00,0.00
54,80,0,0,0,359.94,173.50,188.19,18.89,18.62,29.64,2.98,2.99,3.00,30.75,101192.31,11.05,0.00,0.00,0.00
55,80,0,0,0,359.94,173.50,188.19,18.89,18.61,29.64,2.99,3.00,3.00,30.74,101192.44,11.04,0.00,0.00,0.00
56,80,0,0,0,359.94,173.50,188.19,18.89,18.61,29.64,3.00,3.00,3.00,30.74,101192.19,11.06,0.00,0.00,0.00
57,80,0,0,0,359.94,173.56,188.19,18.90,18.61,29.64,3.00,3.00,3.00,30.74,101192.15,11.07,0.00,0.00,0.00
58,80,0,0,0,359.94,173.50,188.19,18.89,18.61,29.64,3.01,3.01,3.00,30.73,101191.53,11.12,0.00,0.00,0.00
59,80,0,0,0,359.94,173.44,188.06,18.88,18.63,29.64,2.99,3.00,3.00,30.73,101191.70,11.10,0.00,0.00,0.00
60,80,0,0,0,359.94,173.44,188.06,18.88,18.63,29.64,3.00,3.00,3.00,30.73,101191.84,11.09,0.00,0.00,0.00
61,80,0,0,0,0.00,173.44,188.06,18.88,18.63,29.64,3.00,3.00,3.00,30.73,101191.80,11.10,0.00,0.00,0.00
62,80,0,0,0,359.94,173.44,188.12,18.88,18.63,29.64,3.00,3.00,3.00,30.73,101192.14,11.07,0.00,0.00,0.00
63,80,0,0,0,359.94,173.44,188.12,18.88,18.63,29.64,3.00,3.00,3.00,30.73,101192.27,11.06,0.00,0.00,0.00
64,80,0,0,0,359.94,173.44,188.12,18.88,18.63,29.64,3.00,3.00,3.00,30.72,101192.23,11.06,0.00,0.00,0.00
65,80,0,0,0,359.94,173.44,188.12,18.88,18.63,29.64,3.00,3.00,3.00,30.72,101192.19,11.06,0.00,0.00,0.00
66,80,0,0,0,359.94,173.44,188.12,18.88,18.63,29.64,3.00,3.00,3.00,30.72,101192.70,11.02,0.00,0.00,0.00
67,80,0,0,0,359.94,173.44,188.12,18.88,18.63,29.64,3.00,3.00,3.00,30.72,101192.48,11.04,0.00,0.00,0.00
68,80,0,0,0,359.94,173.44,188.12,18.88,18.63,29.64,3.00,3.00,3.00,30.71,101192.22,11.06,0.00,0.00,0.00
69,80,0,0,0,359.94,173.44,188.12,18.88,18.63,29.64,3.00,3.00,3.00,30.71,101192.40,11.05,0.00,0.00,0.00
70,80,0,0,0,359.94,173.44,188.12,18.88,18.63,29.64,3.00,3.00,3.00,30.71,101192.18,11.06,0.00,0.00,0.00
71,80,0,0,0,359.94,173.44,188.12,18.88,18.63,29.64,3.00,3.00,3.00,30.71,101191.89,11.09,0.00,0.00,0.00
72,80,0,0,0,359.94,173.44,188.12,18.88,18.63,29.64,3.01,3.00,3.00,30.70,101191.32,11.14,0.00,0.00,0.00
73,80,0,0,0,0.00,173.38,188.06,18.87,18.63,29.64,3.00,3.00,3.00,30.70,101191.45,11.12,0.00,0.00,0.00
74,80,0,0,0,359.94,173.44,188.12,18.87,18.62,29.64,2.99,3.00,3.00,30.70,101191.45,11.12,0.00,0.00,0.00
75,80,0,0,0,359.94,173.38,188.19,18.87,18.62,29.64,2.99,3.00,3.00,30.70,101191.28,11.14,0.00,0.00,0.00
76,80,0,0,0,0.00,173.38,188.12,18.86,18.62,29.64,3.01,3.00,3.00,30.70,101191.45,11.12,0.00,0.00,0.00
77,80,0,0,0,0.00,173.38,188.12,18.86,18.63,29.64,3.00,3.00,3.00,30.70,101191.80,11.10,0.00,0.00,0.00
78,80,0,0,0,0.00,173.38,188.12,18.86,18.63,29.64,3.00,3.00,3.00,30.70,101191.58,11.11,0.00,0.00,0.00
79,80,0,0,0,0.00,173.38,188.06,18.86,18.63,29.64,3.00,3.00,3.00,30.70,101191.75,11.10,0.00,0.00,0.00
80,80,0,0,0,0.00,173.38,188.06,18.86,18.63,29.64,3.00,3.00,3.00,30.70,101191.75,11.10,0.00,0.00,0.00
81,80,0,0,0,0.00,173.38,188.06,18.86,18.63,29.64,3.00,3.00,3.00,30.70,101191.75,11.10,0.00,0.00,0.00
82,80,0,0,0,0.00,173.38,188.06,18.86,18.63,29.64,3.00,3.00,3.00,30.70,101191.53,11.12,0.00,0.00,0.00
83,80,0,0,0,0.00,173.38,188.12,18.86,18.62,29.64,3.01,3.01,3.00,30.70,101192.06,11.07,0.00,0.00,0.00
84,80,0,0,0,0.00,173.38,188.12,18.87,18.62,29.64,3.00,3.00,3.00,30.69,101191.87,11.09,0.00,0.00,0.00
85,80,0,0,0,359.94,173.38,188.19,18.87,18.61,29.63,3.00,3.00,3.00,30.69,101191.83,11.09,0.00,0.00,0.00
86,80,0,0,0,0.00,173.31,188.12,18.85,18.62,29.64,3.00,3.00,3.00,30.69,101192.00,11.08,0.00,0.00,0.00
87,80,0,0,0,0.00,173.31,188.12,18.86,18.62,29.64,3.01,3.01,3.00,30.69,101191.75,11.10,0.00,0.00,0.00
88,80,0,0,0,0.00,173.31,188.12,18.85,18.63,29.64,3.00,3.00,3.00,30.69,101191.92,11.09,0.00,0.00,0.00
89,80,0,0,0,0.00,173.31,188.12,18.85,18.63,29.64,3.00,3.00,3.00,30.69,101192.09,11.07,0.00,0.00,0.00
90,80,0,0,0,0.00,173.31,188.12,18.85,18.63,29.64,2.99,3.00,3.00,30.69,101191.88,11.09,0.00,0.00,0.00
91,80,0,0,0,0.00,173.31,188.06,18.86,18.63,29.64,3.00,3.00,3.00,30.68,101191.83,11.09,0.00,0.00,0.00
92,80,0,0,0,0.00,173.31,188.06,18.86,18.63,29.64,3.00,3.00,3.00,30.68,101192.19,11.06,0.00,0.00,0.00
93,80,0,0,0,0.00,173.31,188.06,18.86,18.63,29.64,3.00,3.00,3.00,30.68,101192.19,11.06,0.00,0.00,0.00
94,80,0,0,0,0.00,173.31,188.06,18.86,18.63,29.64,3.00,3.00,3.00,30.68,101192.14,11.07,0.00,0.00,0.00
95,80,0,0,0,0.00,173.31,188.12,18.86,18.63,29.64,3.00,3.00,3.00,30.68,101191.74,11.10,0.00,0.00,0.00
96,80,0,0,0,0.00,173.31,188.12,18.86,18.63,29.64,3.00,3.00,3.00,30.68,101191.74,11.10,0.00,0.00,0.00
97,80,0,0,0,0.00,173.31,188.12,18.86,18.63,29.64,3.00,3.00,3.00,30.68,101192.14,11.07,0.00,0.00,0.00
98,80,0,0,0,0.00,173.31,188.12,18.85,18.63,29.64,3.00,3.00,3.00,30.68,101192.14,11.07,0.00,0.00,0.00
99,80,0,0,0,0.00,173.31,188.12,18.85,18.62,29.64,3.00,3.01,3.00,30.68,101192.31,11.05,0.00,0.00,0.00
100,80,0,0,0,0.00,173.31,188.12,18.85,18.63,29.64,3.00,3.00,3.00,30.68,101192.87,11.01,0.00,0.00,0.00
101,80,0,0,0,0.00,173.31,188.12,18.86,18.62,29.64,2.99,2.99,3.00,30.68,101192.70,11.02,0.00,0.00,0.00
102,80,0,0,0,0.00,173.31,188.12,18.86,18.63,29.64,2.99,3.00,3.00,30.68,101192.36,11.05,0.00,0.00,0.00
103,80,0,0,0,0.00,173.31,188.19,18.86,18.62,29.64,3.00,3.00,3.00,30.68,101192.36,11.05,0.00,0.00,0.00
104,80,0,0,0,0.00,173.31,188.12,18.86,18.63,29.64,3.01,2.99,3.00,30.68,101192.36,11.05,0.00,0.00,0.00
105,80,0,0,0,0.00,173.38,188.12,18.87,18.63,29.64,3.00,3.00,3.00,30.68,101192.53,11.03,0.00,0.00,0.00
106,80,0,0,0,0.00,173.38,188.12,18.87,18.63,29.64,3.00,3.00,3.00,30.68,101192.53,11.03,0.00,0.00,0.00
107,80,0,0,0,0.00,173.38,188.12,18.87,18.63,29.64,3.00,3.00,3.00,30.68,101192.19,11.06,0.00,0.00,0.00
108,80,0,0,0,0.00,173.38,188.12,18.87,18.63,29.64,2.99,3.00,3.00,30.68,101192.36,11.05,0.00,0.00,0.00
109,80,0,0,0,0.00,173.38,188.12,18.87,18.62,29.64,3.01,2.99,3.00,30.68,101192.36,11.05,0.00,0.00,0.00
110,80,0,0,0,0.00,173.38,188.12,18.87,18.62,29.64,3.00,3.00,3.00,30.68,101192.00,11.08,0.00,0.00,0.00
111,80,0,0,0,0.00,173.38,188.12,18.87,18.62,29.64,3.00,3.00,3.00,30.69,101192.41,11.04,0.00,0.00,0.00
112,80,0,0,0,0.00,173.38,188.12,18.87,18.62,29.64,3.00,3.00,3.00,30.69,101192.05,11.07,0.00,0.00,0.00
113,80,0,0,0,0.00,173.38,188.12,18.87,18.62,29.64,3.01,3.00,3.00,30.69,101191.88,11.09,0.00,0.00,0.00
114,80,0,0,0,0.00,173.38,188.12,18.86,18.62,29.64,3.00,3.00,3.00,30.69,101192.45,11.04,0.00,0.00,0.00
115,80,0,0,0,0.00,173.38,188.12,18.86,18.62,29.64,3.00,3.00,3.00,30.69,101192.27,11.06,0.00,0.00,0.00
116,80,0,0,0,0.00,173.38,188.19,18.86,18.62,29.64,3.00,3.00,3.00,30.69,101192.45,11.04,0.00,0.00,0.00
117,80,0,0,0,0.00,173.38,188.12,18.86,18.62,29.64,3.00,3.00,3.00,30.69,101192.45,11.04,0.00,0.00,0.00
118,80,0,0,0,0.00,173.38,188.12,18.86,18.63,29.64,3.00,3.00,3.00,30.69,101192.87,11.01,0.00,0.00,0.00
119,80,0,0,0,0.00,173.38,188.12,18.86,18.63,29.64,3.00,3.00,3.00,30.69,101193.22,10.98,0.00,0.00,0.00
120,80,0,0,0,0.00,173.38,188.12,18.86,18.62,29.64,3.00,3.00,3.00,30.69,101193.14,10.98,0.00,0.00,0.00
121,80,0,0,0,0.00,173.38,188.12,18.86,18.62,29.64,3.00,3.00,3.00,30.69,101193.14,10.98,0.00,0.00,0.00
122,80,0,0,0,0.00,173.38,188.12,18.86,18.62,29.64,3.01,3.01,3.00,30.69,101193.48,10.96,0.00,0.00,0.00
123,80,0,0,0,0.00,173.38,188.12,18.86,18.62,29.64,3.01,3.00,3.00,30.69,101193.48,10.96,0.00,0.00,0.00
124,80,0,0,0,0.00,173.38,188.12,18.86,18.62,29.64,3.00,3.00,3.00,30.69,101193.45,10.96,0.00,0.00,0.00
125,80,0,0,0,0.00,173.38,188.12,18.86,18.62,29.64,3.00,3.00,3.00,30.68,101193.23,10.98,0.00,0.00,0.00
126,80,0,0,0,0.00,173.38,188.12,18.86,18.62,29.64,3.00,3.00,3.00,30.68,101193.41,10.96,0.00,0.00,0.00
127,80,0,0,0,0.00,173.38,188.12,18.86,18.62,29.64,3.00,3.00,3.00,30.68,101193.75,10.93,0.00,0.00,0.00
128,80,0,0,0,0.00,173.38,188.12,18.86,18.62,29.64,3.00,3.00,3.00,30.69,101194.14,10.90,0.00,0.00,0.00
129,80,0,0,0,0.00,173.38,188.12,18.86,18.62,29.64,3.00,3.00,3.00,30.69,101194.14,10.90,0.00,0.00,0.00
130,80,0,0,0,0.00,173.38,188.12,18.86,18.62,29.64,3.00,3.00,3.00,30.69,101194.53,10.87,0.00,0.00,0.00
131,80,0,0,0,0.00,173.38,188.12,18.86,18.62,29.64,3.00,3.00,3.00,30.69,101194.36,10.88,0.00,0.00,0.00
132,80,0,0,0,0.00,173.38,188.12,18.86,18.62,29.64,3.00,3.00,3.00,30.69,101194.78,10.85,0.00,0.00,0.00
133,80,0,0,0,0.00,173.38,188.12,18.86,18.62,29.64,3.00,3.00,3.00,30.69,101195.00,10.83,0.00,0.00,0.00
134,80,0,0,0,0.00,173.38,188.12,18.86,18.62,29.64,2.99,3.00,3.00,30.69,101194.65,10.86,0.00,0.00,0.00
135,80,0,0,0,0.00,173.38,188.12,18.86,18.62,29.64,3.00,3.00,3.00,30.69,101194.48,10.87,0.00,0.00,0.00
136,80,0,0,0,0.00,173.31,188.12,18.86,18.63,29.64,3.00,3.00,3.00,30.70,101194.84,10.84,0.00,0.00,0.00
137,80,0,0,0,0.00,173.31,188.12,18.86,18.63,29.64,3.00,3.00,3.00,30.70,101195.23,10.81,0.00,0.00,0.00
138,80,0,0,0,0.00,173.38,188.12,18.87,18.62,29.64,2.99,3.00,3.00,30.70,101195.23,10.81,0.00,0.00,0.00
139,80,0,0,0,0.00,173.38,188.06,18.87,18.63,29.64,3.00,3.00,3.00,30.70,101195.06,10.82,0.00,0.00,0.00
140,80,0,0,0,0.00,173.31,188.00,18.86,18.64,29.64,3.00,3.01,3.00,30.70,101195.28,10.81,0.00,0.00,0.00
141,80,0,0,0,0.00,173.25,187.94,18.85,18.65,29.64,3.00,3.00,3.00,30.70,101195.28,10.81,0.00,0.00,0.00
142,80,0,0,0,0.00,173.19,187.88,18.84,18.66,29.64,3.00,2.99,3.00,30.70,101195.50,10.79,0.00,0.00,0.00
143,80,0,0,0,0.00,173.19,187.88,18.84,18.67,29.64,3.00,2.99,3.00,30.71,101195.89,10.75,0.00,0.00,0.00
144,80,0,0,0,0.00,173.19,187.81,18.84,18.67,29.64,3.00,3.01,3.00,30.71,101196.48,10.71,0.00,0.00,0.00
145,80,0,0,0,0.00,173.19,187.81,18.84,18.68,29.64,3.00,3.00,3.00,30.71,101196.31,10.72,0.00,0.00,0.00
146,80,0,0,0,0.00,173.19,187.75,18.84,18.69,29.64,3.01,3.00,3.00,30.71,101196.58,10.70,0.00,0.00,0.00
147,80,0,0,0,0.00,173.19,187.75,18.84,18.69,29.64,3.00,3.00,3.00,30.71,101196.58,10.70,0.00,0.00,0.00
148,80,0,0,0,0.00,173.19,187.75,18.84,18.69,29.64,3.00,3.00,3.00,30.72,101196.80,10.68,0.00,0.00,0.00
149,80,0,0,0,0.00,173.19,187.75,18.84,18.69,29.64,3.00,3.00,3.00,30.72,101196.80,10.68,0.00,0.00,0.00
150,80,0,0,0,0.00,173.19,187.75,18.84,18.68,29.64,3.00,2.99,3.00,30.72,101197.06,10.66,0.00,0.00,0.00
151,80,0,0,0,0.06,173.19,187.69,18.83,18.69,29.64,3.00,3.01,3.00,30.72,101196.88,10.67,0.00,0.00,0.00
152,80,0,0,0,0.06,173.19,187.69,18.83,18.69,29.64,3.00,3.00,3.00,30.72,101197.27,10.64,0.00,0.00,0.00
153,80,0,0,0,0.06,173.13,187.69,18.83,18.70,29.64,2.99,3.00,3.00,30.73,101197.66,10.61,0.00,0.00,0.00
154,80,0,0,0,0.06,173.06,187.69,18.82,18.70,29.64,3.00,3.00,3.00,30.73,101197.66,10.61,0.00,0.00,0.00
155,80,0,0,0,0.06,173.00,187.62,18.80,18.70,29.64,2.98,3.00,3.00,30.73,101197.49,10.62,0.00,0.00,0.00
156,80,0,0,0,0.06,172.94,187.50,18.79,18.73,29.64,2.99,3.00,3.00,30.73,101197.89,10.59,0.00,0.00,0.00
157,80,0,0,0,0.06,172.87,187.50,18.78,18.73,29.64,3.00,3.00,3.00,30.73,101197.72,10.60,0.00,0.00,0.00
158,80,0,0,0,0.06,172.87,187.50,18.78,18.73,29.64,3.00,3.00,3.00,30.73,101197.94,10.58,0.00,0.00,0.00
159,80,0,0,0,0.06,172.87,187.50,18.78,18.73,29.64,3.00,3.00,3.00,30.73,101197.41,10.63,0.00,0.00,0.00
160,80,0,0,0,0.06,172.87,187.50,18.78,18.73,29.64,3.00,3.00,3.00,30.73,101196.89,10.67,0.00,0.00,0.00
161,80,0,0,0,0.06,172.87,187.50,18.78,18.73,29.64,3.00,3.00,3.00,30.73,101196.72,10.69,0.00,0.00,0.00
1,80,0,0,0,92.12,154.94,29.12,15.85,24.31,12.24,3.00,3.00,2.99,30.71,101385.77,-5.06,0.00,0.00,0.00
2,80,0,0,0,92.12,154.94,29.12,15.85,24.31,12.24,3.00,3.00,3.00,30.71,101386.29,-5.10,0.00,0.00,0.00
3,80,0,0,0,92.12,154.94,29.12,15.85,24.31,12.24,3.00,3.00,3.00,30.71,101387.68,-5.22,0.00,0.00,0.00
4,80,0,0,0,92.12,154.94,29.12,15.85,24.31,12.24,3.00,3.00,3.00,30.71,101388.11,-5.25,0.00,0.00,0.00
5,80,0,0,0,93.37,157.12,33.06,16.27,25.10,12.51,0.84,3.71,3.59,30.71,101389.68,-5.38,0.00,0.00,0.00
6,80,0,0,0,298.25,164.75,78.56,17.45,29.28,18.13,2.81,2.99,3.26,30.71,101389.78,-5.39,0.00,0.00,0.00
7,80,0,0,0,85.44,156.81,39.19,16.12,25.59,12.95,4.67,2.61,3.21,30.71,101390.30,-5.44,0.00,0.00,0.00
8,80,0,0,0,92.00,157.25,34.31,16.21,25.09,12.53,2.98,3.02,2.96,30.71,101391.42,-5.53,0.00,0.00,0.00
9,80,0,0,0,92.00,157.25,34.00,16.21,25.05,12.51,3.01,3.00,3.01,30.71,101392.11,-5.59,0.00,0.00,0.00
10,80,0,0,0,92.06,157.25,33.94,16.21,25.04,12.50,3.00,3.00,2.99,30.71,101392.47,-5.62,0.00,0.00,0.00
11,80,0,0,0,92.06,157.25,33.94,16.21,25.04,12.50,3.01,2.99,3.01,30.71,101392.81,-5.64,0.00,0.00,0.00
12,80,0,0,0,92.12,157.25,33.94,16.21,25.04,12.50,3.00,3.00,3.00,30.71,101393.61,-5.71,0.00,0.00,0.00
13,80,0,0,0,92.12,157.31,33.94,16.21,25.04,12.50,3.00,3.00,3.00,30.71,101393.95,-5.74,0.00,0.00,0.00
14,80,0,0,0,92.12,157.25,34.00,16.21,25.05,12.50,3.00,3.00,3.00,30.71,101394.48,-5.78,0.00,0.00,0.00
15,80,0,0,0,92.12,157.25,34.00,16.21,25.05,12.50,3.00,3.00,3.00,30.71,101394.83,-5.81,0.00,0.00,0.00
16,80,0,0,0,92.12,157.25,34.00,16.21,25.05,12.50,3.00,3.00,3.00,30.71,101395.42,-5.86,0.00,0.00,0.00
17,80,0,0,0,92.12,157.25,34.00,16.21,25.05,12.50,3.00,3.00,3.01,30.71,101394.90,-5.82,0.00,0.00,0.00
18,80,0,0,0,92.19,157.31,34.00,16.22,25.05,12.50,3.00,3.00,3.01,30.71,101395.12,-5.84,0.00,0.00,0.00
19,80,0,0,0,92.19,157.31,34.00,16.22,25.05,12.50,3.00,3.00,3.00,30.71,101395.52,-5.87,0.00,0.00,0.00
20,80,0,0,0,92.19,157.31,34.00,16.22,25.05,12.50,3.00,3.00,3.00,30.71,101395.69,-5.88,0.00,0.00,0.00
21,80,0,0,0,92.19,157.31,34.00,16.22,25.05,12.50,3.00,3.00,3.00,30.71,101395.52,-5.87,0.00,0.00,0.00
22,80,0,0,0,92.19,157.31,34.00,16.22,25.05,12.50,3.00,3.00,3.00,30.72,101395.91,-5.90,0.00,0.00,0.00
23,80,0,0,0,92.19,157.31,34.00,16.22,25.05,12.50,3.00,3.00,3.00,30.72,101395.91,-5.90,0.00,0.00,0.00
24,80,0,0,0,92.19,157.31,34.00,16.22,25.05,12.50,3.00,2.99,3.00,30.71,101395.52,-5.87,0.00,0.00,0.00
25,80,0,0,0,92.19,157.31,34.00,16.22,25.05,12.50,3.00,3.00,3.00,30.71,101395.52,-5.87,0.00,0.00,0.00
26,80,0,0,0,92.19,157.31,34.00,16.22,25.05,12.50,3.00,3.00,3.00,30.72,101395.73,-5.89,0.00,0.00,0.00
27,80,0,0,0,92.19,157.31,34.00,16.22,25.05,12.50,3.00,3.00,3.00,30.72,101395.91,-5.90,0.00,0.00,0.00
28,80,0,0,0,92.19,157.31,34.00,16.22,25.05,12.50,3.00,3.00,3.01,30.72,101395.73,-5.89,0.00,0.00,0.00
29,80,0,0,0,92.19,157.31,34.00,16.22,25.05,12.50,3.00,3.00,3.00,30.72,101395.73,-5.89,0.00,0.00,0.00
30,80,0,0,0,92.19,157.31,34.00,16.22,25.05,12.50,3.00,3.00,3.00,30.72,101395.91,-5.90,0.00,0.00,0.00
31,80,0,0,0,92.19,157.31,34.00,16.22,25.05,12.50,3.00,3.00,2.99,30.71,101396.03,-5.91,0.00,0.00,0.00
32,80,0,0,0,92.19,157.25,33.94,16.21,25.04,12.50,3.00,2.95,3.00,30.71,101396.21,-5.93,0.00,0.00,0.00
33,80,0,0,0,92.19,157.37,33.63,16.23,25.00,12.46,3.00,3.00,3.00,30.71,101396.03,-5.91,0.00,0.00,0.00
34,80,0,0,0,92.19,157.37,33.56,16.23,25.00,12.46,3.00,3.00,3.00,30.71,101395.69,-5.88,0.00,0.00,0.00
35,80,0,0,0,92.12,157.37,33.56,16.23,25.00,12.46,3.00,3.00,3.01,30.71,101395.69,-5.88,0.00,0.00,0.00
36,80,0,0,0,92.12,157.37,33.56,16.23,25.00,12.46,3.00,3.00,3.00,30.71,101395.69,-5.88,0.00,0.00,0.00
37,80,0,0,0,92.12,157.37,33.56,16.23,25.00,12.46,3.00,3.00,3.00,30.71,101395.86,-5.90,0.00,0.00,0.00
38,80,0,0,0,92.06,157.37,33.56,16.23,24.99,12.46,3.02,3.03,3.01,30.72,101396.08,-5.92,0.00,0.00,0.00
39,80,0,0,0,91.81,157.50,32.94,16.24,24.92,12.40,2.97,3.02,2.95,30.72,101396.30,-5.93,0.00,0.00,0.00
40,80,0,0,0,91.81,157.44,32.81,16.24,24.90,12.39,2.99,3.01,2.99,30.72,101396.30,-5.93,0.00,0.00,0.00
41,80,0,0,0,91.94,157.50,32.81,16.25,24.90,12.39,3.00,3.00,3.00,30.72,101396.56,-5.96,0.00,0.00,0.00
42,80,0,0,0,91.94,157.56,32.81,16.25,24.90,12.39,3.00,3.00,3.00,30.73,101396.78,-5.97,0.00,0.00,0.00
43,80,0,0,0,91.94,157.56,32.81,16.25,24.90,12.39,3.00,3.00,3.00,30.73,101397.40,-6.03,0.00,0.00,0.00
44,80,0,0,0,91.94,157.56,32.81,16.25,24.90,12.39,3.00,3.00,3.00,30.73,101397.45,-6.03,0.00,0.00,0.00
45,80,0,0,0,91.94,157.56,32.81,16.25,24.90,12.39,3.00,3.00,3.00,30.74,101397.88,-6.07,0.00,0.00,0.00
46,80,0,0,0,91.94,157.56,32.81,16.25,24.90,12.39,3.00,3.00,3.00,30.74,101398.10,-6.08,0.00,0.00,0.00
47,80,0,0,0,91.94,157.56,32.81,16.25,24.90,12.39,3.00,3.00,3.00,30.74,101397.66,-6.05,0.00,0.00,0.00
48,80,0,0,0,91.94,157.56,32.81,16.25,24.90,12.39,3.00,3.00,3.00,30.75,101398.09,-6.08,0.00,0.00,0.00
49,80,0,0,0,91.94,157.56,32.81,16.25,24.90,12.39,3.00,3.00,3.00,30.75,101398.28,-6.10,0.00,0.00,0.00
50,80,0,0,0,91.94,157.56,32.81,16.25,24.90,12.39,3.00,3.00,3.00,30.75,101398.33,-6.10,0.00,0.00,0.00
51,80,0,0,0,91.94,157.56,32.81,16.25,24.90,12.39,3.00,3.00,3.00,30.76,101399.14,-6.17,0.00,0.00,0.00
52,80,0,0,0,91.94,157.56,32.81,16.25,24.90,12.39,3.00,3.00,3.00,30.76,101399.19,-6.17,0.00,0.00,0.00
53,80,0,0,0,91.94,157.56,32.81,16.25,24.90,12.39,3.00,3.00,3.00,30.76,101399.06,-6.16,0.00,0.00,0.00
54,80,0,0,0,91.94,157.56,32.81,16.25,24.90,12.39,2.99,3.01,2.99,30.77,101399.11,-6.17,0.00,0.00,0.00
55,80,0,0,0,91.94,157.56,32.81,16.25,24.90,12.39,3.00,3.00,3.00,30.77,101399.20,-6.18,0.00,0.00,0.00
56,80,0,0,0,91.94,157.56,32.81,16.25,24.90,12.39,3.00,3.00,3.00,30.77,101399.02,-6.16,0.00,0.00,0.00
57,80,0,0,0,91.94,157.56,32.81,16.25,24.90,12.39,3.00,3.00,3.00,30.77,101398.84,-6.15,0.00,0.00,0.00
58,80,0,0,0,91.94,157.56,32.81,16.25,24.90,12.39,3.00,3.00,3.00,30.78,101398.97,-6.16,0.00,0.00,0.00
59,80,0,0,0,91.94,157.56,32.81,16.25,24.90,12.39,3.00,3.00,3.00,30.78,101399.03,-6.16,0.00,0.00,0.00
60,80,0,0,0,91.94,157.56,32.81,16.25,24.90,12.39,3.00,3.00,3.00,30.78,101398.90,-6.15,0.00,0.00,0.00
61,80,0,0,0,91.94,157.56,32.81,16.25,24.90,12.39,3.00,3.01,3.00,30.79,101399.52,-6.20,0.00,0.00,0.00
62,80,0,0,0,91.94,157.56,32.81,16.25,24.90,12.39,3.00,3.00,3.00,30.79,101399.38,-6.19,0.00,0.00,0.00
63,80,0,0,0,91.87,157.50,32.81,16.25,24.90,12.39,3.00,3.00,3.00,30.79,101399.03,-6.16,0.00,0.00,0.00
64,80,0,0,0,91.87,157.50,32.81,16.25,24.90,12.39,3.00,3.00,3.00,30.80,101399.28,-6.18,0.00,0.00,0.00
65,80,0,0,0,91.87,157.50,32.81,16.25,24.90,12.39,3.00,3.01,3.00,30.80,101399.33,-6.19,0.00,0.00,0.00
66,80,0,0,0,91.87,157.50,32.81,16.25,24.90,12.39,3.00,3.00,3.00,30.80,101398.81,-6.14,0.00,0.00,0.00
67,80,0,0,0,91.87,157.50,32.81,16.25,24.90,12.39,3.00,3.00,3.00,30.80,101398.63,-6.13,0.00,0.00,0.00
68,80,0,0,0,91.87,157.50,32.81,16.25,24.90,12.39,3.00,3.00,3.00,30.80,101398.90,-6.15,0.00,0.00,0.00
69,80,0,0,0,91.94,157.50,32.81,16.25,24.90,12.39,3.00,3.00,3.00,30.80,101398.73,-6.14,0.00,0.00,0.00
70,80,0,0,0,91.94,157.50,32.81,16.25,24.90,12.39,3.01,3.00,3.00,30.81,101399.34,-6.19,0.00,0.00,0.00
71,80,0,0,0,91.81,157.50,32.88,16.25,24.91,12.39,3.00,3.00,3.00,30.81,101399.03,-6.16,0.00,0.00,0.00
72,80,0,0,0,91.81,157.50,32.88,16.25,24.91,12.39,3.01,3.00,3.01,30.82,101399.30,-6.18,0.00,0.00,0.00
73,80,0,0,0,91.81,157.50,32.88,16.25,24.91,12.39,3.00,3.00,3.00,30.82,101399.56,-6.21,0.00,0.00,0.00
74,80,0,0,0,91.81,157.50,32.88,16.25,24.91,12.39,3.00,3.00,3.00,30.83,101399.83,-6.23,0.00,0.00,0.00
75,80,0,0,0,91.81,157.50,32.88,16.25,24.91,12.39,3.00,3.00,3.00,30.83,101399.66,-6.21,0.00,0.00,0.00
76,80,0,0,0,91.81,157.50,32.88,16.25,24.91,12.39,3.00,3.00,3.00,30.83,101399.87,-6.23,0.00,0.00,0.00
77,80,0,0,0,91.81,157.50,32.88,16.25,24.91,12.39,3.00,3.00,3.00,30.83,101400.47,-6.28,0.00,0.00,0.00
78,80,0,0,0,88.00,157.25,32.69,16.20,24.88,12.40,2.48,3.19,2.40,30.83,101400.52,-6.29,0.00,0.00,0.00
79,80,0,0,0,301.81,161.31,76.94,16.89,29.07,17.96,2.09,3.71,3.21,30.84,101400.56,-6.29,0.00,0.00,0.00
80,80,0,0,0,295.12,163.94,81.31,17.28,29.31,18.58,2.98,2.97,2.96,30.84,101400.04,-6.25,0.00,0.00,0.00
81,80,0,0,0,294.75,165.62,73.69,17.57,29.09,17.28,3.58,3.04,3.06,30.84,101399.92,-6.24,0.00,0.00,0.00
82,80,0,0,0,84.44,153.44,37.44,15.62,25.33,13.04,2.99,3.00,3.01,30.84,101399.97,-6.24,0.00,0.00,0.00
83,80,0,0,0,87.19,153.94,35.44,15.70,25.10,12.83,3.00,3.00,3.00,30.85,101400.02,-6.24,0.00,0.00,0.00
84,80,0,0,0,87.31,154.06,35.63,15.72,25.12,12.83,3.06,2.95,3.12,30.85,101400.09,-6.25,0.00,0.00,0.00
85,80,0,0,0,87.19,154.12,35.69,15.73,25.14,12.83,3.00,3.00,3.00,30.85,101399.79,-6.22,0.00,0.00,0.00
86,80,0,0,0,87.19,154.19,35.69,15.73,25.14,12.83,3.00,3.00,3.00,30.86,101399.87,-6.23,0.00,0.00,0.00
87,80,0,0,0,87.19,154.19,35.69,15.73,25.14,12.83,3.00,3.00,3.00,30.86,101399.92,-6.24,0.00,0.00,0.00
88,80,0,0,0,87.19,154.19,35.69,15.73,25.14,12.83,3.00,3.00,3.00,30.86,101400.22,-6.26,0.00,0.00,0.00
89,80,0,0,0,87.19,154.19,35.69,15.73,25.14,12.83,3.00,3.00,3.00,30.87,101400.27,-6.26,0.00,0.00,0.00
90,80,0,0,0,87.19,154.19,35.69,15.73,25.14,12.83,3.01,3.00,3.01,30.87,101400.33,-6.27,0.00,0.00,0.00
91,80,0,0,0,87.19,154.19,35.75,15.73,25.15,12.84,2.99,3.00,2.99,30.87,101400.20,-6.26,0.00,0.00,0.00
92,80,0,0,0,87.19,154.19,35.75,15.73,25.15,12.84,3.00,3.00,3.00,30.87,101399.84,-6.23,0.00,0.00,0.00
93,80,0,0,0,87.19,154.19,35.75,15.73,25.15,12.84,3.01,3.00,3.00,30.88,101400.28,-6.27,0.00,0.00,0.00
94,80,0,0,0,87.19,154.19,35.75,15.73,25.15,12.84,3.00,3.00,3.00,30.88,101400.75,-6.30,0.00,0.00,0.00
95,80,0,0,0,87.19,154.19,35.75,15.73,25.15,12.84,3.00,3.00,3.00,30.89,101400.98,-6.32,0.00,0.00,0.00
96,80,0,0,0,87.19,154.19,35.75,15.73,25.15,12.84,3.00,3.00,3.00,30.89,101401.41,-6.36,0.00,0.00,0.00
97,80,0,0,0,87.19,154.19,35.75,15.73,25.15,12.84,3.00,3.00,3.00,30.89,101401.42,-6.36,0.00,0.00,0.00
98,80,0,0,0,87.19,154.19,35.75,15.73,25.15,12.84,3.00,3.00,3.00,30.90,101401.30,-6.35,0.00,0.00,0.00
99,80,0,0,0,87.19,154.19,35.75,15.73,25.15,12.84,3.00,3.00,3.00,30.90,101401.55,-6.37,0.00,0.00,0.00
100,80,0,0,0,87.19,154.19,35.75,15.73,25.15,12.84,3.00,3.00,3.00,30.90,101401.38,-6.36,0.00,0.00,0.00
101,80,0,0,0,87.19,154.19,35.75,15.73,25.15,12.84,3.00,3.00,3.00,30.90,101401.64,-6.38,0.00,0.00,0.00
102,80,0,0,0,87.19,154.19,35.75,15.73,25.15,12.84,3.00,3.00,3.00,30.91,101401.77,-6.39,0.00,0.00,0.00
103,80,0,0,0,87.19,154.19,35.75,15.73,25.15,12.84,3.00,3.00,3.00,30.92,101402.24,-6.43,0.00,0.00,0.00
104,80,0,0,0,87.19,154.19,35.75,15.73,25.15,12.84,3.01,3.00,3.01,30.92,101402.16,-6.42,0.00,0.00,0.00
105,80,0,0,0,342.62,150.44,49.94,15.14,26.53,14.55,2.80,2.71,3.01,30.95,101402.17,-6.42,0.00,0.00,0.00
106,80,0,0,0,340.19,149.75,56.00,15.03,27.02,15.31,2.49,2.86,2.73,31.07,101402.70,-6.47,0.00,0.00,0.00
107,80,0,0,0,340.19,148.62,63.63,14.90,27.49,16.28,2.96,2.99,2.97,31.20,101403.45,-6.53,0.00,0.00,0.00
108,80,0,0,0,341.00,148.56,63.81,14.89,27.50,16.31,2.95,2.99,3.01,31.40,101403.51,-6.53,0.00,0.00,0.00
109,80,0,0,0,340.37,148.50,64.56,14.88,27.54,16.41,3.00,3.00,3.01,31.53,101404.03,-6.58,0.00,0.00,0.00
110,80,0,0,0,340.75,148.50,64.06,14.88,27.51,16.34,3.02,3.02,3.00,31.67,101404.36,-6.61,0.00,0.00,0.00
111,80,0,0,0,341.12,148.50,63.81,14.87,27.49,16.32,2.99,2.99,3.00,31.80,101404.70,-6.63,0.00,0.00,0.00
112,80,0,0,0,341.56,148.25,63.63,14.85,27.47,16.30,3.01,2.99,3.03,32.00,101405.22,-6.68,0.00,0.00,0.00
113,80,0,0,0,341.69,148.25,63.87,14.84,27.48,16.33,3.01,3.01,3.00,32.12,101405.64,-6.71,0.00,0.00,0.00
114,80,0,0,0,342.06,148.13,63.50,14.83,27.45,16.29,3.02,3.01,3.01,32.24,101406.22,-6.76,0.00,0.00,0.00
115,80,0,0,0,342.00,148.19,63.63,14.83,27.45,16.30,3.04,3.01,3.00,32.40,101406.22,-6.76,0.00,0.00,0.00
116,80,0,0,0,341.69,148.19,63.94,14.83,27.47,16.34,3.01,2.99,2.99,32.51,101406.33,-6.77,0.00,0.00,0.00
117,80,0,0,0,342.13,148.13,63.69,14.82,27.46,16.31,3.00,3.01,3.00,32.61,101406.66,-6.80,0.00,0.00,0.00
118,80,0,0,0,342.13,148.06,63.81,14.81,27.46,16.33,3.00,3.01,2.99,32.74,101406.42,-6.78,0.00,0.00,0.00
119,80,0,0,0,342.06,148.13,63.81,14.82,27.46,16.33,3.00,3.00,2.98,32.82,101406.13,-6.75,0.00,0.00,0.00
120,80,0,0,0,342.81,147.75,63.44,14.77,27.41,16.29,2.99,2.99,3.02,32.90,101406.09,-6.75,0.00,0.00,0.00
121,80,0,0,0,343.25,147.87,62.88,14.78,27.38,16.21,3.02,3.00,3.00,33.01,101405.66,-6.71,0.00,0.00,0.00
122,80,0,0,0,343.00,148.50,61.19,14.90,27.31,15.92,3.47,3.25,3.18,33.07,101406.09,-6.75,0.00,0.00,0.00
123,80,0,0,0,356.31,151.94,38.88,15.38,25.42,13.27,2.99,3.03,2.99,33.12,101406.47,-6.78,0.00,0.00,0.00
124,80,0,0,0,355.62,152.06,38.69,15.41,25.40,13.24,3.00,3.00,2.99,33.13,101407.10,-6.83,0.00,0.00,0.00
125,80,0,0,0,355.44,152.19,38.56,15.43,25.40,13.22,3.00,3.00,3.00,33.13,101407.06,-6.83,0.00,0.00,0.00
126,80,0,0,0,355.37,152.25,38.56,15.43,25.40,13.22,3.00,3.00,3.00,33.12,101407.41,-6.86,0.00,0.00,0.00
127,80,0,0,0,355.37,152.25,38.56,15.43,25.40,13.22,3.00,3.00,3.00,33.10,101407.29,-6.85,0.00,0.00,0.00
128,80,0,0,0,355.44,152.19,38.56,15.43,25.39,13.22,3.00,3.00,3.00,33.07,101407.22,-6.84,0.00,0.00,0.00
129,80,0,0,0,355.44,152.12,38.50,15.42,25.39,13.22,2.97,3.03,2.95,33.04,101407.51,-6.87,0.00,0.00,0.00
130,80,0,0,0,355.50,152.12,38.50,15.42,25.38,13.22,3.00,3.00,3.01,33.02,101407.20,-6.84,0.00,0.00,0.00
131,80,0,0,0,355.50,152.06,38.50,15.41,25.38,13.22,3.00,3.00,3.00,32.97,101406.97,-6.82,0.00,0.00,0.00
132,80,0,0,0,355.50,152.06,38.50,15.41,25.38,13.22,2.99,3.00,2.99,32.94,101406.59,-6.79,0.00,0.00,0.00
133,80,0,0,0,355.31,152.25,38.38,15.43,25.37,13.20,2.99,3.01,2.98,32.91,101406.43,-6.78,0.00,0.00,0.00
134,80,0,0,0,355.19,152.31,38.31,15.44,25.37,13.19,3.01,3.00,3.01,32.86,101405.75,-6.72,0.00,0.00,0.00
135,80,0,0,0,355.19,152.31,38.31,15.44,25.37,13.19,3.00,3.00,3.00,32.83,101405.55,-6.70,0.00,0.00,0.00
136,80,0,0,0,355.19,152.31,38.31,15.44,25.37,13.19,3.00,3.00,3.00,32.80,101405.35,-6.69,0.00,0.00,0.00
137,80,0,0,0,355.19,152.31,38.31,15.44,25.37,13.19,3.00,3.00,2.99,32.77,101405.02,-6.66,0.00,0.00,0.00
138,80,0,0,0,355.25,152.31,38.31,15.44,25.37,13.19,3.00,3.00,3.00,32.73,101404.38,-6.61,0.00,0.00,0.00
139,80,0,0,0,353.81,151.56,37.63,15.33,25.26,13.17,3.04,2.98,3.04,32.69,101404.00,-6.57,0.00,0.00,0.00
140,80,0,0,0,334.06,147.87,52.94,14.71,26.65,15.12,1.79,2.22,2.59,32.67,101404.09,-6.58,0.00,0.00,0.00
141,80,0,0,0,328.00,138.37,101.00,13.48,27.16,21.47,2.01,2.72,2.84,32.63,101403.84,-6.56,0.00,0.00,0.00
142,80,0,0,0,332.31,133.19,102.62,12.85,26.54,21.45,3.08,3.00,3.01,32.60,101403.72,-6.55,0.00,0.00,0.00
143,80,0,0,0,331.00,131.50,108.81,12.66,26.14,22.09,3.05,3.00,2.98,32.57,101404.08,-6.58,0.00,0.00,0.00
144,80,0,0,0,332.44,132.19,103.87,12.74,26.39,21.57,3.05,2.99,3.02,32.54,101403.78,-6.56,0.00,0.00,0.00
145,80,0,0,0,333.13,132.81,102.19,12.80,26.50,21.40,2.85,3.20,2.92,32.50,101403.67,-6.55,0.00,0.00,0.00
1,80,0,0,0,359.94,127.06,74.94,12.18,25.70,18.46,3.05,3.04,3.02,32.37,101404.88,-6.65,0.00,0.00,0.00
2,80,0,0,0,0.69,127.00,73.81,12.17,25.65,18.35,3.06,3.02,2.99,32.36,101405.02,-6.66,0.00,0.00,0.00
3,80,0,0,0,11.69,131.50,48.44,12.66,24.85,15.69,4.31,3.98,3.55,32.33,101405.06,-6.66,0.00,0.00,0.00
4,80,0,0,0,13.06,139.81,41.00,13.67,24.90,14.35,3.00,3.00,3.01,32.30,101404.80,-6.64,0.00,0.00,0.00
5,80,0,0,0,13.19,140.00,40.50,13.70,24.87,14.29,3.00,3.00,3.00,32.27,101404.91,-6.65,0.00,0.00,0.00
6,80,0,0,0,13.19,140.00,40.50,13.70,24.87,14.29,3.00,3.00,3.00,32.25,101404.69,-6.63,0.00,0.00,0.00
7,80,0,0,0,13.19,140.00,40.50,13.70,24.87,14.29,3.00,3.00,3.00,32.23,101405.22,-6.68,0.00,0.00,0.00
8,80,0,0,0,13.19,140.00,40.50,13.70,24.87,14.29,3.00,3.00,3.00,32.21,101405.27,-6.68,0.00,0.00,0.00
9,80,0,0,0,13.25,140.31,39.94,13.74,24.83,14.22,3.01,3.00,3.00,32.20,101405.48,-6.70,0.00,0.00,0.00
10,80,0,0,0,13.19,140.37,39.81,13.74,24.82,14.20,3.01,3.00,3.01,32.18,101405.49,-6.70,0.00,0.00,0.00
11,80,0,0,0,13.19,140.37,39.81,13.74,24.82,14.20,3.00,3.00,3.00,32.15,101405.50,-6.70,0.00,0.00,0.00
12,80,0,0,0,13.19,140.37,39.81,13.74,24.82,14.20,3.00,3.00,3.00,32.13,101405.59,-6.71,0.00,0.00,0.00
13,80,0,0,0,13.19,140.37,39.81,13.75,24.83,14.21,3.00,3.00,3.00,32.12,101405.45,-6.70,0.00,0.00,0.00
14,80,0,0,0,13.25,140.37,39.81,13.75,24.83,14.20,3.00,3.00,3.00,32.10,101405.33,-6.69,0.00,0.00,0.00
15,80,0,0,0,13.19,140.44,39.81,13.75,24.83,14.20,3.00,3.00,3.00,32.09,101405.42,-6.69,0.00,0.00,0.00
16,80,0,0,0,13.19,140.44,39.81,13.75,24.83,14.20,3.00,3.00,3.00,32.07,101405.55,-6.70,0.00,0.00,0.00
17,80,0,0,0,13.19,140.44,39.81,13.75,24.83,14.20,3.00,3.00,3.00,32.06,101405.28,-6.68,0.00,0.00,0.00
1,80,0,0,0,359.94,141.37,38.38,13.88,24.75,14.00,3.00,3.00,3.00,31.88,101406.27,-6.76,0.00,0.00,0.00
2,80,0,0,0,359.94,141.37,38.38,13.88,24.75,14.00,3.00,3.00,3.00,31.88,101406.44,-6.78,0.00,0.00,0.00
3,80,0,0,0,0.00,141.44,38.38,13.88,24.75,14.00,3.00,3.00,3.00,31.88,101406.71,-6.80,0.00,0.00,0.00
4,80,0,0,0,0.00,141.44,38.38,13.88,24.75,14.00,3.01,3.00,3.00,31.88,101407.06,-6.83,0.00,0.00,0.00
5,80,0,0,0,0.00,141.44,38.38,13.88,24.75,14.00,3.00,3.00,3.00,31.87,101406.61,-6.79,0.00,0.00,0.00
6,80,0,0,0,0.00,141.44,38.38,13.88,24.75,14.00,3.00,3.00,3.00,31.87,101406.91,-6.82,0.00,0.00,0.00
7,80,0,0,0,0.00,141.44,38.38,13.88,24.75,14.00,3.00,3.00,3.00,31.86,101407.22,-6.84,0.00,0.00,0.00
8,80,0,0,0,0.00,141.44,38.38,13.88,24.75,14.00,3.00,3.00,3.00,31.86,101406.88,-6.82,0.00,0.00,0.00
9,80,0,0,0,0.13,141.37,38.31,13.88,24.74,13.99,2.99,3.00,2.99,31.85,101406.84,-6.81,0.00,0.00,0.00
10,80,0,0,0,0.13,141.37,38.31,13.88,24.74,13.99,3.00,3.00,3.01,31.85,101406.80,-6.81,0.00,0.00,0.00
11,80,0,0,0,0.13,141.37,38.31,13.88,24.74,13.99,3.00,3.00,2.99,31.85,101406.53,-6.79,0.00,0.00,0.00
12,80,0,0,0,0.13,141.37,38.31,13.88,24.74,13.99,2.99,3.00,2.99,31.84,101406.75,-6.80,0.00,0.00,0.00
13,80,0,0,0,357.62,145.44,35.19,14.43,24.64,13.41,2.91,3.04,2.89,31.83,101406.83,-6.81,0.00,0.00,0.00
14,80,0,0,0,356.38,137.69,38.19,13.41,24.48,14.30,2.94,3.10,3.03,31.83,101406.92,-6.82,0.00,0.00,0.00
1,80,0,0,0,359.94,141.75,37.81,13.93,24.71,13.92,3.00,3.00,3.00,31.81,101410.05,-7.08,0.00,0.00,0.00
2,80,0,0,0,359.94,141.75,37.81,13.93,24.71,13.92,3.00,3.00,3.00,31.80,101409.80,-7.06,0.00,0.00,0.00
3,80,0,0,0,359.94,141.75,37.81,13.93,24.71,13.92,3.00,3.00,3.01,31.80,101409.89,-7.07,0.00,0.00,0.00
4,80,0,0,0,359.94,141.75,37.81,13.93,24.71,13.92,3.00,3.01,2.99,31.79,101409.75,-7.05,0.00,0.00,0.00
5,80,0,0,0,359.94,141.75,37.81,13.93,24.71,13.92,3.00,3.00,3.00,31.78,101409.80,-7.06,0.00,0.00,0.00
6,80,0,0,0,359.94,141.75,37.81,13.93,24.71,13.92,3.01,3.00,3.01,31.78,101409.71,-7.05,0.00,0.00,0.00
7,80,0,0,0,359.94,141.75,37.81,13.93,24.71,13.92,3.00,3.00,3.00,31.77,101409.97,-7.07,0.00,0.00,0.00
8,80,0,0,0,359.94,141.75,37.81,13.93,24.71,13.92,3.01,3.00,3.00,31.76,101409.77,-7.06,0.00,0.00,0.00
9,80,0,0,0,0.06,141.75,37.75,13.94,24.71,13.91,2.96,3.04,3.05,31.76,101409.70,-7.05,0.00,0.00,0.00
10,80,0,0,0,0.13,141.81,37.69,13.94,24.70,13.91,3.01,3.01,3.01,31.75,101409.76,-7.05,0.00,0.00,0.00
11,80,0,0,0,0.25,141.75,37.69,13.93,24.70,13.91,3.02,2.98,3.02,31.75,101410.16,-7.09,0.00,0.00,0.00
12,80,0,0,0,0.31,141.75,37.63,13.93,24.69,13.90,3.01,2.99,3.02,31.74,101410.28,-7.10,0.00,0.00,0.00
13,80,0,0,0,0.69,141.81,37.44,13.94,24.70,13.90,3.01,3.03,3.10,31.74,101410.19,-7.09,0.00,0.00,0.00
14,80,0,0,0,1.00,142.00,37.31,13.96,24.68,13.86,2.98,3.01,2.97,31.74,101410.47,-7.11,0.00,0.00,0.00
15,80,0,0,0,1.00,142.06,37.31,13.97,24.67,13.85,3.02,2.99,3.01,31.73,101410.41,-7.11,0.00,0.00,0.00
16,80,0,0,0,1.06,142.06,37.25,13.97,24.67,13.85,2.99,3.00,2.99,31.73,101410.32,-7.10,0.00,0.00,0.00
17,80,0,0,0,1.12,142.06,37.25,13.97,24.67,13.85,3.00,3.00,3.00,31.72,101410.23,-7.09,0.00,0.00,0.00
18,80,0,0,0,1.12,142.06,37.19,13.97,24.67,13.84,3.01,3.00,3.01,31.72,101410.11,-7.08,0.00,0.00,0.00
19,80,0,0,0,1.25,142.06,37.13,13.97,24.66,13.84,3.01,3.00,3.01,31.71,101409.67,-7.05,0.00,0.00,0.00
20,80,0,0,0,1.31,142.06,37.13,13.97,24.66,13.84,2.99,3.01,2.99,31.71,101409.63,-7.04,0.00,0.00,0.00
21,80,0,0,0,1.44,142.06,37.06,13.97,24.65,13.83,2.99,3.00,2.99,31.70,101409.57,-7.04,0.00,0.00,0.00
22,80,0,0,0,1.44,142.06,37.06,13.97,24.65,13.83,3.00,3.00,3.00,31.70,101409.28,-7.02,0.00,0.00,0.00
23,80,0,0,0,1.44,142.06,37.06,13.97,24.65,13.83,2.99,3.00,3.00,31.69,101409.02,-6.99,0.00,0.00,0.00
24,80,0,0,0,1.44,142.06,37.06,13.97,24.65,13.83,3.00,3.00,3.00,31.69,101408.75,-6.97,0.00,0.00,0.00
25,80,0,0,0,1.37,142.13,37.06,13.98,24.65,13.83,3.00,3.00,3.00,31.68,101408.80,-6.97,0.00,0.00,0.00
26,80,0,0,0,1.37,142.13,37.06,13.98,24.65,13.83,3.00,3.00,3.00,31.68,101408.92,-6.98,0.00,0.00,0.00
27,80,0,0,0,1.37,142.06,37.06,13.98,24.66,13.83,2.99,3.01,2.99,31.67,101408.79,-6.97,0.00,0.00,0.00
28,80,0,0,0,1.37,142.13,37.13,13.98,24.66,13.83,3.00,3.00,3.00,31.66,101408.58,-6.96,0.00,0.00,0.00
29,80,0,0,0,1.31,142.13,37.13,13.98,24.66,13.84,2.99,3.00,2.99,31.65,101408.27,-6.93,0.00,0.00,0.00
30,80,0,0,0,1.25,142.13,37.19,13.98,24.67,13.84,3.03,2.99,3.03,31.65,101408.36,-6.94,0.00,0.00,0.00
31,80,0,0,0,1.12,142.13,37.19,13.98,24.67,13.84,3.03,2.99,3.02,31.64,101408.01,-6.91,0.00,0.00,0.00
32,80,0,0,0,1.12,142.13,37.25,13.98,24.67,13.84,2.99,3.00,2.99,31.63,101407.28,-6.85,0.00,0.00,0.00
33,80,0,0,0,1.06,142.13,37.25,13.98,24.68,13.84,3.00,3.00,3.01,31.62,101407.22,-6.84,0.00,0.00,0.00
34,80,0,0,0,1.12,142.13,37.25,13.98,24.68,13.84,2.97,3.01,2.97,31.62,101407.13,-6.84,0.00,0.00,0.00
35,80,0,0,0,1.12,142.13,37.25,13.98,24.67,13.84,2.99,3.00,2.99,31.61,101406.92,-6.82,0.00,0.00,0.00
36,80,0,0,0,1.31,142.13,37.19,13.98,24.66,13.84,3.02,2.99,3.02,31.60,101407.40,-6.86,0.00,0.00,0.00
37,80,0,0,0,1.31,142.06,37.13,13.97,24.66,13.84,3.01,3.00,3.01,31.60,101407.09,-6.83,0.00,0.00,0.00
38,80,0,0,0,1.37,142.06,37.13,13.97,24.66,13.84,2.99,3.00,2.99,31.59,101407.17,-6.84,0.00,0.00,0.00
39,80,0,0,0,1.37,142.06,37.13,13.98,24.66,13.83,3.01,2.99,3.01,31.59,101407.09,-6.83,0.00,0.00,0.00
40,80,0,0,0,1.19,142.19,37.19,13.99,24.67,13.83,3.00,3.00,3.00,31.58,101407.00,-6.83,0.00,0.00,0.00
41,80,0,0,0,1.19,142.13,37.19,13.98,24.67,13.83,3.00,3.00,3.00,31.58,101407.62,-6.88,0.00,0.00,0.00
42,80,0,0,0,1.12,142.13,37.19,13.98,24.67,13.84,2.99,3.00,2.99,31.58,101407.58,-6.87,0.00,0.00,0.00
43,80,0,0,0,1.12,142.13,37.19,13.98,24.67,13.84,3.01,3.00,3.01,31.57,101407.70,-6.88,0.00,0.00,0.00
44,80,0,0,0,1.12,142.13,37.25,13.98,24.67,13.84,2.97,3.02,2.97,31.57,101407.48,-6.87,0.00,0.00,0.00
45,80,0,0,0,1.06,142.19,37.25,13.99,24.68,13.84,2.97,3.01,2.97,31.57,101407.66,-6.88,0.00,0.00,0.00
46,80,0,0,0,0.94,142.13,37.31,13.98,24.68,13.85,3.02,2.99,3.02,31.57,101407.60,-6.87,0.00,0.00,0.00
47,80,0,0,0,0.88,142.19,37.31,13.99,24.69,13.85,3.01,3.00,3.01,31.56,101408.08,-6.91,0.00,0.00,0.00
48,80,0,0,0,0.88,142.19,37.38,13.99,24.69,13.85,3.00,3.00,3.00,31.56,101408.48,-6.95,0.00,0.00,0.00
49,80,0,0,0,0.88,142.19,37.38,13.99,24.69,13.85,3.00,3.00,3.00,31.56,101409.00,-6.99,0.00,0.00,0.00
50,80,0,0,0,0.81,142.19,37.38,13.99,24.69,13.85,3.01,3.00,3.01,31.56,101408.96,-6.99,0.00,0.00,0.00
51,80,0,0,0,0.75,142.19,37.44,13.99,24.70,13.85,3.01,3.00,3.01,31.55,101408.92,-6.98,0.00,0.00,0.00
52,80,0,0,0,0.75,142.19,37.38,13.99,24.69,13.85,3.00,3.00,3.00,31.55,101408.66,-6.96,0.00,0.00,0.00
53,80,0,0,0,0.75,142.19,37.44,13.99,24.70,13.85,2.99,3.01,2.99,31.54,101408.93,-6.98,0.00,0.00,0.00
54,80,0,0,0,0.69,142.19,37.38,13.99,24.70,13.85,2.99,3.00,2.99,31.54,101409.05,-6.99,0.00,0.00,0.00
09.28,-7.02,0.00,0.00,0.00
23,80,0,0,0,1.44,142.06,37.06,13.97,24.65,13.83,2.99,3.00,3.00,31.69,101409.02,-6.99,0.00,0.00,0.00
24,80,0,0,0,1.44,142.06,37.06,13.97,24.65,13.83,3.00,3.00,3.00,31.69,101408.75,-6.97,0.00,0.00,0.00
25,80,0,0,0,1.37,142.13,37.06,13.98,24.65,13.83,3.00,3.00,3.00,31.68,101408.80,-6.97,0.00,0.00,0.00
26,80,0,0,0,1.37,142.13,37.06,13.98,24.65,13.83,3.00,3.00,3.00,31.68,101408.92,-6.98,0.00,0.00,0.00
27,80,0,0,0,1.37,142.06,37.06,13.98,24.66,13.83,2.99,3.01,2.99,31.67,101408.79,-6.97,0.00,0.00,0.00
28,80,0,0,0,1.37,142.13,37.13,13.98,24.66,13.83,3.00,3.00,3.00,31.66,101408.58,-6.96,0.00,0.00,0.00
29,80,0,0,0,1.31,142.13,37.13,13.98,24.66,13.84,2.99,3.00,2.99,31.65,101408.27,-6.93,0.00,0.00,0.00
30,80,0,0,0,1.25,142.13,37.19,13.98,24.67,13.84,3.03,2.99,3.03,31.65,101408.36,-6.94,0.00,0.00,0.00
31,80,0,0,0,1.12,142.13,37.19,13.98,24.67,13.84,3.03,2.99,3.02,31.64,101408.01,-6.91,0.00,0.00,0.00
32,80,0,0,0,1.12,142.13,37.25,13.98,24.67,13.84,2.99,3.00,2.99,31.63,101407.28,-6.85,0.00,0.00,0.00
33,80,0,0,0,1.06,142.13,37.25,13.98,24.68,13.84,3.00,3.00,3.01,31.62,101407.22,-6.84,0.00,0.00,0.00
34,80,0,0,0,1.12,142.13,37.25,13.98,24.68,13.84,2.97,3.01,2.97,31.62,101407.13,-6.84,0.00,0.00,0.00
35,80,0,0,0,1.12,142.13,37.25,13.98,24.67,13.84,2.99,3.00,2.99,31.61,101406.92,-6.82,0.00,0.00,0.00
36,80,0,0,0,1.31,142.13,37.19,13.98,24.66,13.84,3.02,2.99,3.02,31.60,101407.40,-6.86,0.00,0.00,0.00
37,80,0,0,0,1.31,142.06,37.13,13.97,24.66,13.84,3.01,3.00,3.01,31.60,101407.09,-6.83,0.00,0.00,0.00
38,80,0,0,0,1.37,142.06,37.13,13.97,24.66,13.84,2.99,3.00,2.99,31.59,101407.17,-6.84,0.00,0.00,0.00
39,80,0,0,0,1.37,142.06,37.13,13.98,24.66,13.83,3.01,2.99,3.01,31.59,101407.09,-6.83,0.00,0.00,0.00
40,80,0,0,0,1.19,142.19,37.19,13.99,24.67,13.83,3.00,3.00,3.00,31.58,101407.00,-6.83,0.00,0.00,0.00
41,80,0,0,0,1.19,142.13,37.19,13.98,24.67,13.83,3.00,3.00,3.00,31.58,101407.62,-6.88,0.00,0.00,0.00
42,80,0,0,0,1.12,142.13,37.19,13.98,24.67,13.84,2.99,3.00,2.99,31.58,101407.58,-6.87,0.00,0.00,0.00
43,80,0,0,0,1.12,142.13,37.19,13.98,24.67,13.84,3.01,3.00,3.01,31.57,101407.70,-6.88,0.00,0.00,0.00
44,80,0,0,0,1.12,142.13,37.25,13.98,24.67,13.84,2.97,3.02,2.97,31.57,101407.48,-6.87,0.00,0.00,0.00
45,80,0,0,0,1.06,142.19,37.25,13.99,24.68,13.84,2.97,3.01,2.97,31.57,101407.66,-6.88,0.00,0.00,0.00
46,80,0,0,0,0.94,142.13,37.31,13.98,24.68,13.85,3.02,2.99,3.02,31.57,101407.60,-6.87,0.00,0.00,0.00
47,80,0,0,0,0.88,142.19,37.31,13.99,24.69,13.85,3.01,3.00,3.01,31.56,101408.08,-6.91,0.00,0.00,0.00
48,80,0,0,0,0.88,142.19,37.38,13.99,24.69,13.85,3.00,3.00,3.00,31.56,101408.48,-6.95,0.00,0.00,0.00
49,80,0,0,0,0.88,142.19,37.38,13.99,24.69,13.85,3.00,3.00,3.00,31.56,101409.00,-6.99,0.00,0.00,0.00
50,80,0,0,0,0.81,142.19,37.38,13.99,24.69,13.85,3.01,3.00,3.01,31.56,101408.96,-6.99,0.00,0.00,0.00
51,80,0,0,0,0.75,142.19,37.44,13.99,24.70,13.85,3.01,3.00,3.01,31.55,101408.92,-6.98,0.00,0.00,0.00
52,80,0,0,0,0.75,142.19,37.38,13.99,24.69,13.85,3.00,3.00,3.00,31.55,101408.66,-6.96,0.00,0.00,0.00
53,80,0,0,0,0.75,142.19,37.44,13.99,24.70,13.85,2.99,3.01,2.99,31.54,101408.93,-6.98,0.00,0.00,0.00
54,80,0,0,0,0.69,142.19,37.38,13.99,24.70,13.85,2.99,3.00,2.99,31.54,101409.05,-6.99,0.00,0.00,0.00
55,80,0,0,0,0.62,142.25,37.44,13.99,24.70,13.85,2.99,3.00,2.99,31.54,101409.17,-7.01,0.00,0.00,0.00
56,80,0,0,0,0.56,142.25,37.44,13.99,24.70,13.85,3.01,3.00,3.01,31.53,101408.34,-6.94,0.00,0.00,0.00
57,80,0,0,0,0.56,142.25,37.50,14.00,24.71,13.85,3.01,3.00,3.01,31.53,101408.44,-6.94,0.00,0.00,0.00
58,80,0,0,0,0.56,142.25,37.50,14.00,24.71,13.85,3.00,3.00,3.00,31.52,101408.40,-6.94,0.00,0.00,0.00
59,80,0,0,0,0.56,142.25,37.50,14.00,24.71,13.85,2.98,3.01,2.99,31.52,101408.18,-6.92,0.00,0.00,0.00
60,80,0,0,0,0.50,142.25,37.50,14.00,24.71,13.85,3.01,2.99,3.01,31.52,101408.31,-6.93,0.00,0.00,0.00
61,80,0,0,0,0.50,142.31,37.50,14.01,24.71,13.85,3.02,2.99,3.02,31.52,101408.44,-6.94,0.00,0.00,0.00
62,80,0,0,0,0.50,142.37,37.50,14.01,24.72,13.84,3.01,3.00,3.01,31.51,101408.39,-6.94,0.00,0.00,0.00
63,80,0,0,0,0.50,142.37,37.56,14.02,24.72,13.84,2.99,3.00,2.99,31.51,101407.95,-6.90,0.00,0.00,0.00
64,80,0,0,0,0.50,142.37,37.56,14.02,24.72,13.84,3.00,3.00,3.00,31.51,101407.73,-6.89,0.00,0.00,0.00
65,80,0,0,0,0.50,142.37,37.56,14.02,24.72,13.84,3.00,3.00,3.00,31.51,101408.09,-6.92,0.00,0.00,0.00
66,80,0,0,0,0.50,142.37,37.56,14.02,24.72,13.84,3.00,3.00,3.00,31.50,101408.22,-6.93,0.00,0.00,0.00
67,80,0,0,0,0.50,142.37,37.56,14.02,24.72,13.84,3.00,3.00,3.00,31.50,101407.78,-6.89,0.00,0.00,0.00
68,80,0,0,0,0.50,142.37,37.56,14.02,24.72,13.84,3.00,3.00,3.00,31.49,101407.52,-6.87,0.00,0.00,0.00
69,80,0,0,0,0.50,142.37,37.56,14.02,24.72,13.84,3.00,3.00,3.00,31.49,101407.27,-6.85,0.00,0.00,0.00
70,80,0,0,0,0.50,142.37,37.56,14.02,24.72,13.84,3.00,3.00,3.00,31.49,101407.05,-6.83,0.00,0.00,0.00
71,80,0,0,0,0.50,142.37,37.56,14.02,24.72,13.84,3.00,3.00,3.00,31.48,101406.81,-6.81,0.00,0.00,0.00
72,80,0,0,0,0.50,142.37,37.56,14.02,24.72,13.84,3.01,3.00,3.01,31.48,101406.55,-6.79,0.00,0.00,0.00
73,80,0,0,0,0.50,142.37,37.50,14.02,24.72,13.84,3.00,3.00,3.00,31.48,101406.85,-6.81,0.00,0.00,0.00
74,80,0,0,0,0.50,142.37,37.50,14.01,24.72,13.84,2.98,3.01,2.97,31.47,101406.78,-6.81,0.00,0.00,0.00
75,80,0,0,0,0.56,142.37,37.50,14.01,24.72,13.85,3.00,3.00,3.00,31.47,101406.69,-6.80,0.00,0.00,0.00
76,80,0,0,0,0.56,142.37,37.50,14.01,24.72,13.85,2.99,3.01,2.99,31.47,101406.47,-6.78,0.00,0.00,0.00
77,80,0,0,0,0.56,142.37,37.50,14.01,24.72,13.85,3.00,3.00,3.00,31.46,101406.60,-6.79,0.00,0.00,0.00
78,80,0,0,0,0.56,142.37,37.50,14.01,24.72,13.84,3.00,3.00,3.00,31.46,101406.38,-6.77,0.00,0.00,0.00
79,80,0,0,0,0.56,142.44,37.50,14.02,24.72,13.84,3.01,3.00,3.00,31.46,101405.98,-6.74,0.00,0.00,0.00
80,80,0,0,0,0.50,142.44,37.50,14.02,24.73,13.84,2.99,3.00,3.00,31.46,101405.74,-6.72,0.00,0.00,0.00
81,80,0,0,0,0.56,142.44,37.50,14.02,24.72,13.84,2.99,3.01,2.99,31.46,101405.74,-6.72,0.00,0.00,0.00
82,80,0,0,0,0.56,142.44,37.50,14.02,24.72,13.84,3.00,3.00,3.00,31.46,101405.91,-6.73,0.00,0.00,0.00
83,80,0,0,0,0.69,142.44,37.44,14.02,24.71,13.83,2.98,3.01,2.99,31.46,101405.91,-6.73,0.00,0.00,0.00
84,80,0,0,0,0.69,142.44,37.44,14.02,24.71,13.83,3.00,3.00,3.00,31.45,101405.51,-6.70,0.00,0.00,0.00
85,80,0,0,0,0.69,142.44,37.44,14.02,24.71,13.83,3.01,3.00,3.01,31.45,101405.68,-6.72,0.00,0.00,0.00
86,80,0,0,0,0.69,142.44,37.44,14.02,24.71,13.83,3.00,3.00,3.00,31.45,101406.37,-6.77,0.00,0.00,0.00
87,80,0,0,0,0.69,142.44,37.44,14.02,24.71,13.84,3.00,3.00,3.01,31.45,101406.55,-6.79,0.00,0.00,0.00
88,80,0,0,0,0.69,142.37,37.44,14.02,24.71,13.84,3.01,2.99,3.01,31.45,101407.08,-6.83,0.00,0.00,0.00
89,80,0,0,0,0.62,142.37,37.50,14.02,24.72,13.84,3.00,3.00,3.00,31.45,101407.20,-6.84,0.00,0.00,0.00
90,80,0,0,0,0.62,142.37,37.50,14.01,24.72,13.84,2.97,3.01,2.97,31.45,101407.38,-6.86,0.00,0.00,0.00
91,80,0,0,0,0.56,142.37,37.50,14.01,24.72,13.85,2.99,3.00,2.99,31.45,101408.30,-6.93,0.00,0.00,0.00
92,80,0,0,0,0.56,142.37,37.56,14.01,24.72,13.85,3.01,2.99,3.02,31.45,101408.47,-6.95,0.00,0.00,0.00
93,80,0,0,0,0.50,142.31,37.56,14.01,24.72,13.85,3.00,3.00,3.00,31.45,101408.59,-6.96,0.00,0.00,0.00
94,80,0,0,0,0.44,142.31,37.63,14.01,24.73,13.86,3.01,2.99,3.01,31.45,101409.08,-7.00,0.00,0.00,0.00
95,80,0,0,0,0.44,142.31,37.63,14.01,24.73,13.86,3.01,3.00,3.00,31.44,101408.86,-6.98,0.00,0.00,0.00
96,80,0,0,0,0.44,142.37,37.56,14.01,24.73,13.85,3.01,2.99,3.02,31.44,101408.81,-6.98,0.00,0.00,0.00
97,80,0,0,0,0.44,142.37,37.63,14.02,24.73,13.85,2.99,3.00,2.99,31.44,101409.34,-7.02,0.00,0.00,0.00
98,80,0,0,0,0.44,142.44,37.63,14.02,24.73,13.85,3.00,3.00,3.00,31.44,101408.87,-6.98,0.00,0.00,0.00
99,80,0,0,0,0.44,142.44,37.63,14.02,24.73,13.85,3.00,3.00,3.00,31.43,101409.00,-6.99,0.00,0.00,0.00
100,80,0,0,0,0.44,142.44,37.63,14.02,24.73,13.85,3.00,3.00,3.00,31.43,101408.95,-6.99,0.00,0.00,0.00
101,80,0,0,0,0.44,142.44,37.63,14.02,24.73,13.85,3.01,3.00,3.01,31.43,101408.90,-6.98,0.00,0.00,0.00
102,80,0,0,0,0.37,142.44,37.63,14.02,24.74,13.85,3.00,3.00,3.01,31.42,101408.82,-6.98,0.00,0.00,0.00
103,80,0,0,0,0.44,142.44,37.63,14.03,24.74,13.84,3.01,3.00,3.01,31.42,101408.60,-6.96,0.00,0.00,0.00
104,80,0,0,0,0.44,142.50,37.63,14.03,24.74,13.84,3.00,3.00,3.01,31.42,101408.73,-6.97,0.00,0.00,0.00
105,80,0,0,0,0.44,142.50,37.63,14.03,24.74,13.84,3.00,3.00,3.00,31.41,101408.52,-6.95,0.00,0.00,0.00
106,80,0,0,0,0.44,142.50,37.63,14.03,24.74,13.84,3.00,3.00,3.00,31.41,101408.69,-6.96,0.00,0.00,0.00
107,80,0,0,0,0.37,142.50,37.63,14.03,24.74,13.85,3.00,3.00,3.00,31.41,101408.25,-6.93,0.00,0.00,0.00
108,80,0,0,0,0.37,142.50,37.63,14.03,24.74,13.85,3.00,3.00,3.01,31.41,101407.68,-6.88,0.00,0.00,0.00
109,80,0,0,0,0.44,142.50,37.63,14.03,24.74,13.84,3.01,3.00,3.01,31.41,101407.85,-6.90,0.00,0.00,0.00
110,80,0,0,0,0.44,142.50,37.63,14.03,24.74,13.84,3.01,3.00,3.01,31.40,101407.44,-6.86,0.00,0.00,0.00
111,80,0,0,0,0.44,142.50,37.63,14.03,24.74,13.84,3.00,3.00,3.00,31.40,101407.21,-6.84,0.00,0.00,0.00
112,80,0,0,0,0.50,142.56,37.56,14.04,24.74,13.84,3.01,3.00,3.01,31.40,101406.82,-6.81,0.00,0.00,0.00
113,80,0,0,0,0.50,142.56,37.56,14.04,24.74,13.84,2.99,3.00,3.00,31.40,101406.99,-6.82,0.00,0.00,0.00
114,80,0,0,0,0.50,142.56,37.56,14.04,24.74,13.83,3.01,3.00,3.00,31.40,101406.80,-6.81,0.00,0.00,0.00
115,80,0,0,0,0.50,142.56,37.56,14.04,24.74,13.83,3.00,3.00,3.00,31.39,101406.41,-6.78,0.00,0.00,0.00
116,80,0,0,0,0.62,142.56,37.50,14.04,24.73,13.83,2.98,3.01,2.98,31.39,101406.59,-6.79,0.00,0.00,0.00
117,80,0,0,0,0.62,142.56,37.50,14.04,24.73,13.83,3.00,3.00,3.00,31.39,101406.36,-6.77,0.00,0.00,0.00
118,80,0,0,0,0.62,142.56,37.50,14.04,24.73,13.83,3.00,3.00,3.00,31.39,101406.67,-6.80,0.00,0.00,0.00
119,80,0,0,0,0.62,142.56,37.50,14.04,24.73,13.83,3.00,3.00,3.00,31.39,101406.42,-6.78,0.00,0.00,0.00
120,80,0,0,0,0.62,142.56,37.50,14.04,24.73,13.83,3.01,2.99,3.02,31.38,101406.55,-6.79,0.00,0.00,0.00
121,80,0,0,0,0.56,142.50,37.56,14.03,24.73,13.84,2.99,3.01,2.98,31.38,101406.46,-6.78,0.00,0.00,0.00
122,80,0,0,0,0.62,142.50,37.50,14.03,24.73,13.83,2.96,3.02,2.96,31.38,101406.77,-6.81,0.00,0.00,0.00
123,80,0,0,0,0.62,142.50,37.50,14.03,24.72,13.83,2.98,3.01,2.99,31.37,101406.72,-6.80,0.00,0.00,0.00
124,80,0,0,0,0.56,142.50,37.50,14.03,24.73,13.84,3.00,3.00,3.01,31.37,101406.45,-6.78,0.00,0.00,0.00
125,80,0,0,0,0.56,142.50,37.50,14.03,24.73,13.84,3.00,3.00,3.00,31.37,101406.98,-6.82,0.00,0.00,0.00
126,80,0,0,0,0.69,142.50,37.50,14.03,24.72,13.83,3.05,2.98,3.05,31.37,101406.77,-6.81,0.00,0.00,0.00
127,80,0,0,0,0.69,142.44,37.44,14.02,24.72,13.83,2.99,3.01,2.98,31.36,101406.55,-6.79,0.00,0.00,0.00
128,80,0,0,0,0.81,142.37,37.44,14.02,24.71,13.83,2.99,3.00,2.99,31.36,101406.55,-6.79,0.00,0.00,0.00
129,80,0,0,0,0.81,142.37,37.38,14.02,24.71,13.83,3.00,3.00,3.00,31.37,101406.59,-6.79,0.00,0.00,0.00
130,80,0,0,0,0.81,142.37,37.38,14.02,24.71,13.83,3.00,3.00,3.00,31.36,101406.37,-6.77,0.00,0.00,0.00
131,80,0,0,0,0.81,142.37,37.38,14.01,24.71,13.83,3.00,2.99,3.00,31.36,101405.71,-6.72,0.00,0.00,0.00
132,80,0,0,0,0.75,142.37,37.44,14.02,24.70,13.83,2.99,3.05,2.96,31.35,101405.50,-6.70,0.00,0.00,0.00
133,80,0,0,0,359.94,143.00,37.00,14.10,24.70,13.75,3.00,3.00,3.01,31.35,101405.02,-6.66,0.00,0.00,0.00
134,80,0,0,0,359.94,143.00,37.00,14.10,24.70,13.75,3.01,3.00,3.01,31.34,101404.94,-6.65,0.00,0.00,0.00
135,80,0,0,0,359.94,143.06,37.00,14.11,24.71,13.75,3.01,2.99,3.01,31.34,101404.75,-6.64,0.00,0.00,0.00
136,80,0,0,0,359.87,143.13,37.00,14.11,24.71,13.74,2.98,3.01,2.98,31.34,101404.70,-6.63,0.00,0.00,0.00
137,80,0,0,0,359.81,143.13,37.00,14.12,24.71,13.74,3.01,2.99,3.01,31.33,101404.58,-6.62,0.00,0.00,0.00
138,80,0,0,0,359.94,143.19,37.00,14.12,24.71,13.74,3.02,2.99,3.02,31.33,101404.49,-6.62,0.00,0.00,0.00
139,80,0,0,0,359.94,143.19,37.00,14.12,24.72,13.74,3.01,3.00,3.01,31.33,101405.02,-6.66,0.00,0.00,0.00
140,80,0,0,0,359.94,143.13,37.00,14.12,24.71,13.74,3.03,2.99,3.03,31.33,101404.80,-6.64,0.00,0.00,0.00
141,80,0,0,0,359.94,143.19,37.00,14.12,24.72,13.74,3.00,3.00,3.00,31.32,101404.92,-6.65,0.00,0.00,0.00
142,80,0,0,0,359.94,143.19,37.00,14.12,24.72,13.74,2.99,3.00,3.00,31.32,101404.80,-6.64,0.00,0.00,0.00
143,80,0,0,0,0.00,143.19,37.00,14.13,24.71,13.73,3.00,3.01,3.00,31.32,101404.97,-6.66,0.00,0.00,0.00
144,80,0,0,0,0.00,143.25,37.00,14.13,24.71,13.73,3.01,3.00,3.01,31.31,101405.63,-6.71,0.00,0.00,0.00
145,80,0,0,0,0.00,143.19,37.00,14.13,24.71,13.73,2.99,3.00,2.99,31.31,101405.75,-6.72,0.00,0.00,0.00
146,80,0,0,0,0.00,143.19,37.00,14.13,24.71,13.73,3.00,3.00,3.00,31.31,101405.88,-6.73,0.00,0.00,0.00
147,80,0,0,0,0.00,143.19,37.00,14.13,24.71,13.73,3.00,3.00,3.00,31.31,101406.01,-6.74,0.00,0.00,0.00
148,80,0,0,0,0.13,143.31,37.00,14.14,24.72,13.72,3.00,3.00,3.00,31.30,101406.14,-6.75,0.00,0.00,0.00
149,80,0,0,0,0.00,143.25,37.06,14.13,24.72,13.73,3.02,3.00,3.02,31.30,101405.71,-6.72,0.00,0.00,0.00
150,80,0,0,0,0.13,143.25,37.06,14.13,24.72,13.73,3.02,2.99,3.03,31.30,101405.54,-6.70,0.00,0.00,0.00
151,80,0,0,0,0.25,143.19,37.00,14.13,24.71,13.73,3.01,3.00,3.00,31.30,101405.31,-6.68,0.00,0.00,0.00
152,80,0,0,0,0.31,143.19,36.94,14.12,24.71,13.73,2.98,3.01,2.98,31.29,101405.09,-6.67,0.00,0.00,0.00
153,80,0,0,0,0.37,143.19,37.00,14.13,24.71,13.73,3.01,3.00,3.00,31.29,101404.70,-6.63,0.00,0.00,0.00
154,80,0,0,0,0.31,143.25,37.00,14.13,24.72,13.73,3.00,3.00,3.00,31.29,101404.66,-6.63,0.00,0.00,0.00
155,80,0,0,0,0.31,143.25,37.00,14.13,24.72,13.73,3.00,3.00,3.00,31.29,101404.84,-6.64,0.00,0.00,0.00
156,80,0,0,0,0.31,143.25,37.00,14.13,24.72,13.73,3.02,2.99,3.02,31.29,101404.84,-6.64,0.00,0.00,0.00
157,80,0,0,0,0.25,143.25,37.00,14.13,24.72,13.73,3.00,3.00,3.00,31.29,101404.44,-6.61,0.00,0.00,0.00
158,80,0,0,0,0.25,143.25,37.00,14.13,24.72,13.73,3.00,3.00,3.00,31.29,101404.80,-6.64,0.00,0.00,0.00
159,80,0,0,0,0.25,143.25,37.00,14.13,24.72,13.73,3.00,3.00,3.00,31.28,101404.18,-6.59,0.00,0.00,0.00
160,80,0,0,0,0.25,143.25,37.00,14.13,24.72,13.73,3.00,3.00,3.00,31.28,101404.60,-6.63,0.00,0.00,0.00
161,80,0,0,0,0.25,143.25,37.00,14.13,24.72,13.73,3.01,2.99,3.01,31.28,101404.43,-6.61,0.00,0.00,0.00
162,80,0,0,0,0.25,143.25,37.06,14.13,24.72,13.74,3.02,2.99,3.02,31.28,101404.43,-6.61,0.00,0.00,0.00
163,80,0,0,0,0.19,143.25,37.06,14.13,24.73,13.74,3.00,3.00,3.00,31.28,101404.25,-6.60,0.00,0.00,0.00
164,80,0,0,0,0.19,143.25,37.06,14.13,24.73,13.74,3.00,3.00,2.99,31.28,101404.08,-6.58,0.00,0.00,0.00
165,80,0,0,0,0.19,143.25,37.06,14.13,24.73,13.74,3.00,3.00,3.00,31.28,101404.25,-6.60,0.00,0.00,0.00
166,80,0,0,0,0.19,143.25,37.06,14.13,24.73,13.74,3.00,3.00,3.01,31.28,101404.08,-6.58,0.00,0.00,0.00
167,80,0,0,0,0.19,143.25,37.06,14.13,24.73,13.74,3.00,3.00,3.00,31.28,101404.43,-6.61,0.00,0.00,0.00
168,80,0,0,0,0.19,143.25,37.06,14.13,24.73,13.74,2.99,3.00,2.99,31.28,101404.36,-6.61,0.00,0.00,0.00
169,80,0,0,0,0.25,143.25,37.06,14.13,24.72,13.74,3.01,3.00,3.01,31.28,101404.14,-6.59,0.00,0.00,0.00
170,80,0,0,0,0.25,143.25,37.06,14.13,24.72,13.74,2.99,3.01,2.99,31.28,101403.39,-6.52,0.00,0.00,0.00
171,80,0,0,0,0.25,143.25,37.06,14.13,24.72,13.74,3.00,3.00,3.00,31.27,101403.17,-6.51,0.00,0.00,0.00
172,80,0,0,0,0.25,143.19,37.06,14.13,24.72,13.74,2.99,3.00,3.00,31.27,101403.00,-6.49,0.00,0.00,0.00
173,80,0,0,0,0.56,143.25,37.00,14.13,24.71,13.73,2.86,3.07,2.85,31.27,101402.66,-6.46,0.00,0.00,0.00
174,80,0,0,0,0.62,143.19,36.94,14.12,24.71,13.73,2.98,3.01,2.97,31.27,101402.48,-6.45,0.00,0.00,0.00
175,80,0,0,0,0.75,143.19,36.88,14.12,24.70,13.73,2.99,3.00,2.99,31.28,101402.00,-6.41,0.00,0.00,0.00
176,80,0,0,0,0.75,143.13,36.88,14.12,24.70,13.73,3.00,3.00,3.00,31.28,101401.88,-6.40,0.00,0.00,0.00
177,80,0,0,0,0.75,143.13,36.88,14.12,24.70,13.73,3.00,3.00,3.00,31.28,101401.74,-6.39,0.00,0.00,0.00
178,80,0,0,0,0.75,143.13,36.88,14.12,24.70,13.73,3.00,3.00,3.00,31.28,101401.81,-6.39,0.00,0.00,0.00
179,80,0,0,0,0.75,143.13,36.88,14.12,24.70,13.73,3.00,3.00,3.00,31.28,101401.64,-6.38,0.00,0.00,0.00
180,80,0,0,0,0.81,143.13,36.88,14.12,24.69,13.73,3.01,3.00,3.01,31.29,101401.66,-6.38,0.00,0.00,0.00
181,80,0,0,0,0.81,143.13,36.81,14.11,24.69,13.73,3.00,3.00,3.00,31.29,101401.70,-6.38,0.00,0.00,0.00
182,80,0,0,0,0.81,143.13,36.81,14.11,24.69,13.73,3.00,3.00,3.00,31.29,101401.17,-6.34,0.00,0.00,0.00
183,80,0,0,0,0.81,143.13,36.88,14.12,24.69,13.73,3.00,3.00,3.00,31.29,101401.39,-6.36,0.00,0.00,0.00
184,80,0,0,0,0.81,143.13,36.88,14.12,24.69,13.73,3.00,3.00,3.00,31.29,101401.44,-6.36,0.00,0.00,0.00
185,80,0,0,0,0.81,143.13,36.88,14.12,24.69,13.73,3.01,2.99,3.01,31.30,101401.48,-6.37,0.00,0.00,0.00
186,80,0,0,0,0.81,143.13,36.88,14.12,24.69,13.73,3.00,3.00,3.00,31.30,101401.14,-6.34,0.00,0.00,0.00
187,80,0,0,0,0.81,143.13,36.88,14.12,24.69,13.73,3.00,3.00,3.00,31.30,101400.97,-6.32,0.00,0.00,0.00
188,80,0,0,0,0.81,143.13,36.88,14.12,24.69,13.73,3.00,3.00,3.00,31.30,101400.66,-6.30,0.00,0.00,0.00
189,80,0,0,0,0.81,143.13,36.88,14.12,24.69,13.73,3.00,3.00,2.99,31.30,101400.73,-6.30,0.00,0.00,0.00
190,80,0,0,0,0.81,143.13,36.88,14.12,24.69,13.73,3.00,3.00,3.00,31.31,101400.78,-6.31,0.00,0.00,0.00
191,80,0,0,0,0.81,143.13,36.88,14.12,24.69,13.73,3.00,3.00,3.00,31.31,101400.88,-6.31,0.00,0.00,0.00
192,80,0,0,0,0.81,143.13,36.88,14.12,24.69,13.73,3.00,3.00,3.00,31.31,101400.91,-6.32,0.00,0.00,0.00
193,80,0,0,0,0.81,143.13,36.88,14.12,24.69,13.73,3.00,3.00,3.00,31.32,101400.96,-6.32,0.00,0.00,0.00
194,80,0,0,0,0.81,143.13,36.88,14.12,24.69,13.73,3.00,3.00,3.00,31.32,101401.44,-6.36,0.00,0.00,0.00
195,80,0,0,0,0.81,143.13,36.88,14.12,24.69,13.73,3.00,3.00,3.00,31.33,101401.14,-6.34,0.00,0.00,0.00
196,80,0,0,0,0.81,143.13,36.88,14.12,24.70,13.73,3.00,3.00,3.00,31.33,101401.18,-6.34,0.00,0.00,0.00
197,80,0,0,0,0.81,143.13,36.88,14.12,24.70,13.73,3.00,3.00,3.00,31.33,101401.80,-6.39,0.00,0.00,0.00
198,80,0,0,0,0.81,143.13,36.88,14.12,24.70,13.73,3.00,3.00,3.00,31.34,101401.69,-6.38,0.00,0.00,0.00
199,80,0,0,0,0.81,143.13,36.88,14.12,24.70,13.73,3.00,3.00,3.00,31.34,101402.13,-6.42,0.00,0.00,0.00
200,80,0,0,0,0.81,143.13,36.88,14.12,24.70,13.73,3.00,3.00,3.00,31.34,101402.32,-6.44,0.00,0.00,0.00
201,80,0,0,0,0.44,143.06,36.88,14.11,24.70,13.73,3.05,2.97,3.06,31.35,101403.11,-6.50,0.00,0.00,0.00
202,80,0,0,0,0.81,143.13,36.88,14.11,24.70,13.73,2.94,3.03,2.94,31.35,101403.33,-6.52,0.00,0.00,0.00
203,80,0,0,0,0.75,143.06,36.88,14.11,24.69,13.73,3.02,2.99,3.02,31.35,101403.41,-6.53,0.00,0.00,0.00
204,80,0,0,0,0.75,143.06,36.88,14.11,24.69,13.73,3.01,3.00,3.00,31.36,101403.63,-6.54,0.00,0.00,0.00
205,80,0,0,0,0.81,143.06,36.88,14.11,24.70,13.73,2.97,3.01,2.97,31.36,101404.02,-6.58,0.00,0.00,0.00
206,80,0,0,0,0.69,143.06,36.88,14.11,24.70,13.74,2.98,3.01,2.98,31.36,101403.84,-6.56,0.00,0.00,0.00
207,80,0,0,0,0.69,143.06,36.94,14.11,24.70,13.74,3.00,3.00,3.00,31.36,101404.28,-6.60,0.00,0.00,0.00
208,80,0,0,0,0.69,143.00,36.88,14.10,24.69,13.74,3.00,3.00,3.00,31.37,101404.67,-6.63,0.00,0.00,0.00
209,80,0,0,0,0.75,143.00,36.88,14.10,24.69,13.74,3.01,2.99,3.01,31.37,101404.67,-6.63,0.00,0.00,0.00
210,80,0,0,0,0.81,143.00,36.81,14.10,24.68,13.74,3.02,2.99,3.02,31.37,101404.89,-6.65,0.00,0.00,0.00
211,80,0,0,0,0.69,143.00,36.75,14.10,24.68,13.73,2.99,3.01,2.99,31.37,101404.44,-6.61,0.00,0.00,0.00
212,80,0,0,0,0.69,142.94,36.75,14.09,24.68,13.74,2.99,3.01,2.98,31.37,101404.44,-6.61,0.00,0.00,0.00
213,80,0,0,0,0.75,142.94,36.75,14.09,24.67,13.74,2.99,3.00,2.99,31.37,101404.09,-6.58,0.00,0.00,0.00
214,80,0,0,0,0.75,142.94,36.75,14.09,24.67,13.74,3.00,3.00,3.00,31.37,101403.32,-6.52,0.00,0.00,0.00
215,80,0,0,0,0.69,142.94,36.81,14.09,24.67,13.74,2.99,3.00,2.99,31.37,101403.15,-6.50,0.00,0.00,0.00
216,80,0,0,0,0.62,142.94,36.81,14.09,24.68,13.74,3.00,3.00,3.00,31.37,101402.63,-6.46,0.00,0.00,0.00
217,80,0,0,0,0.62,142.94,36.81,14.09,24.68,13.74,3.00,3.00,2.99,31.37,101402.28,-6.43,0.00,0.00,0.00
218,80,0,0,0,0.69,142.94,36.81,14.09,24.68,13.74,3.01,2.99,3.01,31.37,101402.54,-6.45,0.00,0.00,0.00
219,80,0,0,0,0.81,142.94,36.75,14.09,24.67,13.73,2.99,3.00,3.00,31.38,101402.63,-6.46,0.00,0.00,0.00
220,80,0,0,0,0.75,142.94,36.69,14.09,24.66,13.73,3.01,3.00,3.01,31.38,101403.24,-6.51,0.00,0.00,0.00
221,80,0,0,0,0.88,142.94,36.63,14.09,24.66,13.72,3.00,3.00,3.00,31.39,101403.45,-6.53,0.00,0.00,0.00
222,80,0,0,0,0.94,142.94,36.56,14.09,24.65,13.72,2.99,3.00,2.99,31.39,101403.75,-6.55,0.00,0.00,0.00
1,80,0,0,0,359.94,144.19,36.56,14.26,24.73,13.62,3.01,2.99,3.02,30.82,101396.17,-5.92,0.00,0.00,0.00
2,80,0,0,0,359.87,144.19,36.63,14.26,24.73,13.62,3.01,2.99,3.02,30.82,101397.03,-6.00,0.00,0.00,0.00
3,80,0,0,0,359.81,144.19,36.63,14.27,24.74,13.62,3.01,2.99,3.01,30.82,101398.08,-6.08,0.00,0.00,0.00
4,80,0,0,0,359.69,144.25,36.69,14.27,24.75,13.62,3.00,3.00,3.01,30.81,101398.38,-6.11,0.00,0.00,0.00
5,80,0,0,0,359.69,144.25,36.75,14.28,24.75,13.62,3.00,3.00,3.00,30.81,101398.81,-6.14,0.00,0.00,0.00
6,80,0,0,0,359.69,144.25,36.75,14.28,24.75,13.62,3.00,3.00,3.00,30.81,101399.13,-6.17,0.00,0.00,0.00
7,80,0,0,0,359.69,144.31,36.75,14.28,24.75,13.62,3.00,3.00,3.00,30.81,101399.81,-6.23,0.00,0.00,0.00
8,80,0,0,0,359.69,144.31,36.75,14.28,24.75,13.62,2.99,3.00,2.99,30.80,101400.12,-6.25,0.00,0.00,0.00
9,80,0,0,0,359.69,144.25,36.75,14.28,24.75,13.62,3.01,2.99,3.01,30.80,101400.59,-6.29,0.00,0.00,0.00
10,80,0,0,0,359.69,144.25,36.75,14.27,24.75,13.63,2.99,3.01,2.98,30.80,101400.73,-6.30,0.00,0.00,0.00
11,80,0,0,0,359.81,144.25,36.69,14.27,24.75,13.63,3.01,3.00,3.00,30.80,101401.42,-6.36,0.00,0.00,0.00
12,80,0,0,0,359.81,144.25,36.69,14.27,24.75,13.63,3.00,3.00,3.00,30.80,101401.77,-6.39,0.00,0.00,0.00
13,80,0,0,0,359.75,144.19,36.69,14.27,24.75,13.63,3.00,3.00,3.00,30.80,101401.59,-6.37,0.00,0.00,0.00
14,80,0,0,0,359.75,144.25,36.75,14.27,24.75,13.63,3.00,3.00,3.00,30.80,101401.98,-6.41,0.00,0.00,0.00
15,80,0,0,0,359.75,144.25,36.75,14.27,24.75,13.63,3.00,3.00,2.99,30.80,101402.16,-6.42,0.00,0.00,0.00
16,80,0,0,0,359.75,144.19,36.75,14.27,24.75,13.63,2.99,3.00,2.99,30.80,101402.38,-6.44,0.00,0.00,0.00
17,80,0,0,0,359.75,144.19,36.75,14.27,24.75,13.63,3.00,3.00,3.00,30.80,101402.38,-6.44,0.00,0.00,0.00
18,80,0,0,0,359.87,144.19,36.69,14.26,24.74,13.63,2.98,3.01,2.98,30.80,101402.20,-6.43,0.00,0.00,0.00
19,80,0,0,0,359.94,144.19,36.63,14.26,24.73,13.63,2.99,3.01,2.98,30.81,101402.42,-6.44,0.00,0.00,0.00
20,80,0,0,0,359.94,144.19,36.63,14.26,24.74,13.63,2.98,3.01,2.98,30.80,101402.20,-6.43,0.00,0.00,0.00
21,80,0,0,0,0.00,144.13,36.63,14.26,24.73,13.63,3.00,3.00,3.00,30.80,101402.20,-6.43,0.00,0.00,0.00
22,80,0,0,0,0.00,144.13,36.63,14.25,24.73,13.63,3.00,3.00,3.00,30.80,101402.73,-6.47,0.00,0.00,0.00
23,80,0,0,0,0.13,144.06,36.63,14.25,24.73,13.63,3.00,3.01,2.99,30.80,101402.73,-6.47,0.00,0.00,0.00
24,80,0,0,0,0.13,144.06,36.56,14.25,24.72,13.63,3.00,3.00,3.01,30.80,101402.38,-6.44,0.00,0.00,0.00
25,80,0,0,0,0.13,144.13,36.56,14.25,24.72,13.63,2.99,3.00,3.00,30.80,101402.55,-6.46,0.00,0.00,0.00
26,80,0,0,0,0.13,144.13,36.56,14.25,24.72,13.62,2.99,3.00,3.00,30.80,101402.73,-6.47,0.00,0.00,0.00
27,80,0,0,0,0.19,144.13,36.56,14.25,24.72,13.62,2.99,3.01,2.99,30.81,101403.30,-6.52,0.00,0.00,0.00
28,80,0,0,0,0.13,144.13,36.56,14.25,24.72,13.62,3.01,2.99,3.01,30.81,101403.81,-6.56,0.00,0.00,0.00
29,80,0,0,0,0.13,144.13,36.56,14.25,24.73,13.62,2.99,3.00,2.99,30.80,101403.77,-6.56,0.00,0.00,0.00
30,80,0,0,0,0.13,144.13,36.56,14.25,24.73,13.62,3.00,3.00,3.00,30.80,101403.95,-6.57,0.00,0.00,0.00
31,80,0,0,0,0.13,144.13,36.56,14.25,24.73,13.62,3.00,3.00,3.00,30.80,101403.60,-6.54,0.00,0.00,0.00
32,80,0,0,0,0.13,144.13,36.56,14.25,24.72,13.62,2.98,3.01,2.98,30.80,101403.60,-6.54,0.00,0.00,0.00
33,80,0,0,0,0.19,144.13,36.56,14.25,24.72,13.62,3.01,2.99,3.01,30.80,101403.20,-6.51,0.00,0.00,0.00
34,80,0,0,0,0.19,144.13,36.56,14.25,24.72,13.62,2.98,3.01,2.99,30.80,101403.20,-6.51,0.00,0.00,0.00
35,80,0,0,0,0.13,144.19,36.63,14.26,24.73,13.62,2.88,3.04,2.90,30.80,101403.20,-6.51,0.00,0.00,0.00
36,80,0,0,0,0.06,144.19,36.56,14.26,24.73,13.62,2.96,3.03,2.95,30.80,101403.20,-6.51,0.00,0.00,0.00
37,80,0,0,0,0.19,144.13,36.56,14.25,24.72,13.62,2.99,3.00,3.00,30.80,101403.03,-6.49,0.00,0.00,0.00
38,80,0,0,0,0.25,144.13,36.56,14.25,24.72,13.62,3.01,3.00,3.01,30.80,101402.86,-6.48,0.00,0.00,0.00
39,80,0,0,0,0.25,144.13,36.56,14.25,24.72,13.62,3.00,3.00,3.00,30.80,101403.03,-6.49,0.00,0.00,0.00
40,80,0,0,0,0.25,144.13,36.56,14.25,24.72,13.62,3.00,3.00,3.00,30.80,101403.38,-6.52,0.00,0.00,0.00
41,80,0,0,0,0.25,144.13,36.56,14.25,24.72,13.62,3.00,2.99,3.00,30.80,101403.55,-6.54,0.00,0.00,0.00
42,80,0,0,0,0.25,144.13,36.56,14.25,24.72,13.62,3.00,3.00,3.00,30.80,101403.52,-6.53,0.00,0.00,0.00
43,80,0,0,0,0.25,144.13,36.56,14.25,24.72,13.62,3.01,3.01,3.00,30.80,101403.52,-6.53,0.00,0.00,0.00
44,80,0,0,0,0.19,144.13,36.56,14.25,24.72,13.62,3.00,3.00,3.00,30.80,101402.98,-6.49,0.00,0.00,0.00
45,80,0,0,0,0.19,144.13,36.56,14.25,24.72,13.62,3.00,3.00,3.00,30.80,101403.16,-6.50,0.00,0.00,0.00
46,80,0,0,0,0.19,144.13,36.56,14.25,24.72,13.62,3.00,3.00,3.00,30.80,101403.55,-6.54,0.00,0.00,0.00
47,80,0,0,0,0.19,144.13,36.56,14.25,24.72,13.62,3.00,3.00,3.00,30.80,101403.55,-6.54,0.00,0.00,0.00
48,80,0,0,0,0.19,144.13,36.56,14.25,24.72,13.62,3.00,3.00,3.00,30.80,101403.55,-6.54,0.00,0.00,0.00
49,80,0,0,0,6.00,146.81,35.75,14.63,24.78,13.34,3.33,2.71,3.55,30.80,101403.77,-6.56,0.00,0.00,0.00
50,80,0,0,0,98.56,150.50,34.94,15.17,24.88,13.01,2.91,3.01,3.00,30.80,101403.77,-6.56,0.00,0.00,0.00
51,80,0,0,0,98.81,150.50,35.44,15.17,24.94,13.05,2.99,3.01,2.99,30.80,101403.77,-6.56,0.00,0.00,0.00
52,80,0,0,0,98.81,150.56,35.38,15.18,24.93,13.04,3.00,3.00,3.00,30.80,101403.77,-6.56,0.00,0.00,0.00
53,80,0,0,0,98.81,150.56,35.38,15.18,24.93,13.04,3.00,3.00,3.00,30.81,101404.34,-6.60,0.00,0.00,0.00
54,80,0,0,0,98.81,150.56,35.38,15.18,24.93,13.04,3.00,3.00,3.00,30.81,101404.00,-6.57,0.00,0.00,0.00
55,80,0,0,0,98.81,150.56,35.38,15.18,24.93,13.04,3.00,3.00,3.00,30.81,101404.34,-6.60,0.00,0.00,0.00
56,80,0,0,0,98.81,150.56,35.38,15.18,24.93,13.04,3.00,3.00,3.00,30.81,101404.52,-6.62,0.00,0.00,0.00
57,80,0,0,0,98.81,150.56,35.38,15.18,24.93,13.04,3.00,3.00,3.00,30.81,101405.08,-6.67,0.00,0.00,0.00
58,80,0,0,0,98.81,150.56,35.38,15.18,24.93,13.04,3.00,3.00,3.00,30.81,101405.60,-6.71,0.00,0.00,0.00
59,80,0,0,0,98.75,150.56,35.38,15.18,24.93,13.04,3.00,3.00,3.00,30.81,101405.39,-6.69,0.00,0.00,0.00
60,80,0,0,0,98.75,150.56,35.38,15.18,24.93,13.04,3.00,3.00,3.00,30.81,101405.56,-6.71,0.00,0.00,0.00
61,80,0,0,0,98.75,150.56,35.38,15.18,24.93,13.04,3.00,3.00,3.00,30.81,101405.73,-6.72,0.00,0.00,0.00
62,80,0,0,0,98.69,150.56,35.38,15.18,24.93,13.04,2.97,3.01,2.97,30.81,101405.91,-6.73,0.00,0.00,0.00
63,80,0,0,0,98.69,150.56,35.38,15.18,24.94,13.04,3.00,3.00,3.00,30.81,101406.26,-6.76,0.00,0.00,0.00
64,80,0,0,0,98.69,150.56,35.38,15.18,24.94,13.05,3.01,3.00,3.01,30.81,101406.43,-6.78,0.00,0.00,0.00
65,80,0,0,0,98.94,150.62,35.31,15.19,24.93,13.03,2.94,3.01,2.99,30.81,101406.78,-6.81,0.00,0.00,0.00
66,80,0,0,0,98.87,150.56,35.38,15.18,24.94,13.04,3.00,3.00,3.00,30.80,101406.56,-6.79,0.00,0.00,0.00
67,80,0,0,0,98.87,150.56,35.38,15.18,24.93,13.04,3.01,3.00,3.01,30.81,101407.13,-6.84,0.00,0.00,0.00
68,80,0,0,0,98.87,150.56,35.38,15.18,24.93,13.04,3.00,3.00,3.00,30.81,101407.13,-6.84,0.00,0.00,0.00
69,80,0,0,0,98.81,150.56,35.38,15.18,24.93,13.04,3.01,3.00,3.01,30.81,101407.13,-6.84,0.00,0.00,0.00
70,80,0,0,0,98.87,150.56,35.38,15.18,24.93,13.04,3.01,2.99,3.00,30.80,101406.91,-6.82,0.00,0.00,0.00
71,80,0,0,0,98.87,150.62,35.31,15.19,24.93,13.03,2.99,3.00,3.00,30.80,101406.91,-6.83,0.00,0.00,0.00
72,80,0,0,0,98.87,150.62,35.25,15.19,24.92,13.03,2.99,3.00,3.00,30.81,101407.66,-6.88,0.00,0.00,0.00
73,80,0,0,0,98.87,150.62,35.25,15.19,24.92,13.02,3.00,3.00,3.00,30.81,101407.66,-6.88,0.00,0.00,0.00
74,80,0,0,0,98.81,150.62,35.19,15.19,24.92,13.02,2.99,3.00,2.99,30.80,101407.43,-6.86,0.00,0.00,0.00
75,80,0,0,0,98.81,150.62,35.19,15.19,24.91,13.02,3.00,3.00,3.00,30.80,101407.08,-6.83,0.00,0.00,0.00
1,80,0,0,0,91.50,150.87,35.00,15.23,24.90,12.99,3.00,3.00,2.99,30.92,101403.73,-6.55,0.00,0.00,0.00
2,80,0,0,0,91.50,150.87,35.00,15.23,24.90,12.99,3.00,3.00,3.00,30.90,101404.77,-6.64,0.00,0.00,0.00
3,80,0,0,0,91.50,150.87,35.00,15.23,24.90,12.99,3.00,3.00,3.00,30.89,101405.42,-6.69,0.00,0.00,0.00
4,80,0,0,0,91.50,150.87,35.00,15.23,24.90,12.99,3.00,3.00,3.00,30.88,101406.20,-6.76,0.00,0.00,0.00
5,80,0,0,0,91.50,150.87,35.00,15.23,24.91,12.99,2.99,3.01,3.00,30.87,101406.37,-6.77,0.00,0.00,0.00
6,80,0,0,0,91.50,150.87,35.00,15.23,24.91,12.99,3.00,3.00,3.00,30.86,101406.77,-6.81,0.00,0.00,0.00
7,80,0,0,0,91.50,150.87,35.00,15.23,24.91,12.99,3.00,3.00,3.00,30.85,101406.97,-6.82,0.00,0.00,0.00
8,80,0,0,0,91.50,150.87,35.00,15.23,24.91,12.99,3.00,3.00,3.00,30.84,101407.11,-6.83,0.00,0.00,0.00
9,80,0,0,0,91.50,150.87,35.00,15.23,24.91,12.99,3.00,3.00,3.00,30.84,101407.36,-6.86,0.00,0.00,0.00
10,80,0,0,0,91.50,150.87,35.00,15.23,24.91,12.99,3.00,3.00,3.00,30.83,101407.31,-6.85,0.00,0.00,0.00
11,80,0,0,0,91.50,150.87,35.00,15.23,24.91,12.99,3.00,3.00,3.00,30.83,101407.53,-6.87,0.00,0.00,0.00
12,80,0,0,0,91.50,150.87,35.00,15.23,24.91,12.99,3.00,3.00,3.00,30.83,101407.66,-6.88,0.00,0.00,0.00
13,80,0,0,0,91.50,150.87,35.00,15.23,24.91,12.99,3.00,3.00,3.00,30.82,101407.75,-6.89,0.00,0.00,0.00
14,80,0,0,0,91.50,150.87,35.00,15.23,24.91,12.99,3.00,3.00,3.00,30.82,101407.88,-6.90,0.00,0.00,0.00
15,80,0,0,0,91.50,150.87,35.00,15.23,24.91,12.99,3.00,3.00,3.00,30.81,101407.44,-6.86,0.00,0.00,0.00
16,80,0,0,0,91.50,150.87,35.00,15.23,24.91,12.99,3.00,3.00,3.00,30.81,101408.14,-6.92,0.00,0.00,0.00
17,80,0,0,0,91.50,150.94,35.00,15.23,24.91,12.99,2.99,3.00,2.99,30.81,101407.91,-6.90,0.00,0.00,0.00
18,80,0,0,0,91.50,150.94,35.00,15.23,24.91,12.99,3.00,3.00,3.00,30.81,101408.22,-6.93,0.00,0.00,0.00
19,80,0,0,0,91.50,150.94,35.00,15.23,24.91,12.99,3.00,3.00,3.00,30.81,101408.17,-6.92,0.00,0.00,0.00
20,80,0,0,0,91.50,150.94,35.00,15.23,24.91,12.99,3.00,3.00,3.00,30.81,101408.00,-6.91,0.00,0.00,0.00
21,80,0,0,0,91.50,150.94,35.00,15.23,24.91,12.99,2.99,3.00,3.00,30.80,101408.47,-6.95,0.00,0.00,0.00
22,80,0,0,0,91.50,150.94,35.06,15.23,24.91,12.99,2.98,3.00,3.01,30.80,101408.65,-6.96,0.00,0.00,0.00
23,80,0,0,0,91.50,150.87,35.13,15.23,24.92,13.00,3.01,3.00,3.01,30.80,101409.00,-6.99,0.00,0.00,0.00
24,80,0,0,0,91.50,150.87,35.13,15.23,24.92,13.00,3.00,3.00,3.01,30.81,101409.22,-7.01,0.00,0.00,0.00
25,80,0,0,0,93.25,151.50,34.44,15.32,24.86,12.89,3.05,3.00,3.02,30.78,101411.56,-7.20,0.00,0.00,0.00
26,80,0,0,0,93.00,151.44,34.75,15.31,24.90,12.93,2.98,3.00,2.99,30.78,101411.56,-7.20,0.00,0.00,0.00
27,80,0,0,0,92.94,151.44,34.88,15.31,24.91,12.94,3.00,3.00,3.00,30.78,101411.95,-7.24,0.00,0.00,0.00
28,80,0,0,0,93.37,151.56,34.44,15.33,24.86,12.89,2.99,3.01,2.99,30.79,101412.35,-7.27,0.00,0.00,0.00
29,80,0,0,0,93.06,151.44,34.75,15.31,24.90,12.93,3.03,3.00,3.02,30.79,101412.22,-7.26,0.00,0.00,0.00
30,80,0,0,0,93.06,151.44,34.81,15.31,24.90,12.93,3.01,3.00,3.01,30.79,101412.09,-7.25,0.00,0.00,0.00
31,80,0,0,0,93.12,151.44,34.63,15.31,24.89,12.92,3.01,3.00,3.01,30.80,101412.39,-7.27,0.00,0.00,0.00
32,80,0,0,0,93.19,151.44,34.63,15.31,24.89,12.92,3.12,2.99,3.06,30.80,101412.22,-7.26,0.00,0.00,0.00
33,80,0,0,0,93.37,151.50,34.63,15.33,24.89,12.91,2.99,3.00,2.98,30.80,101412.44,-7.28,0.00,0.00,0.00
34,80,0,0,0,93.81,151.63,34.25,15.34,24.84,12.87,3.04,2.99,3.03,30.81,101412.87,-7.31,0.00,0.00,0.00
35,80,0,0,0,94.06,151.69,34.00,15.34,24.82,12.85,3.01,3.01,2.98,30.81,101412.34,-7.27,0.00,0.00,0.00
36,80,0,0,0,93.44,151.44,34.75,15.31,24.89,12.92,2.99,3.01,2.96,30.80,101411.95,-7.24,0.00,0.00,0.00
37,80,0,0,0,94.19,151.56,34.06,15.33,24.82,12.86,2.99,3.00,2.99,30.80,101411.78,-7.22,0.00,0.00,0.00
38,80,0,0,0,94.13,151.56,33.88,15.33,24.79,12.84,3.05,3.00,3.00,30.81,101412.00,-7.24,0.00,0.00,0.00
39,80,0,0,0,93.69,151.56,34.50,15.32,24.88,12.91,2.86,3.01,2.93,30.81,101412.22,-7.26,0.00,0.00,0.00
40,80,0,0,0,93.62,151.44,34.69,15.31,24.89,12.92,2.98,3.00,2.99,30.81,101412.05,-7.25,0.00,0.00,0.00
41,80,0,0,0,94.31,151.63,34.00,15.34,24.81,12.85,3.02,3.01,2.99,30.81,101412.14,-7.25,0.00,0.00,0.00
42,80,0,0,0,94.13,151.50,34.25,15.32,24.83,12.87,3.08,2.99,3.06,30.81,101411.79,-7.22,0.00,0.00,0.00
43,80,0,0,0,93.87,151.50,34.69,15.32,24.89,12.92,3.02,3.00,3.03,30.82,101411.84,-7.23,0.00,0.00,0.00
44,80,0,0,0,94.31,151.75,34.50,15.35,24.89,12.89,2.89,3.02,2.96,30.82,101411.48,-7.20,0.00,0.00,0.00
45,80,0,0,0,94.94,151.81,33.88,15.36,24.81,12.83,2.99,3.00,3.01,30.82,101411.70,-7.22,0.00,0.00,0.00
46,80,0,0,0,95.38,153.19,35.25,15.58,25.04,12.86,3.00,3.00,3.00,30.82,101411.75,-7.22,0.00,0.00,0.00
47,80,0,0,0,95.69,153.06,34.75,15.55,24.97,12.82,3.00,2.99,2.99,30.82,101411.97,-7.24,0.00,0.00,0.00
48,80,0,0,0,95.50,153.00,34.81,15.54,24.97,12.83,3.01,3.00,3.01,30.83,101412.02,-7.24,0.00,0.00,0.00
49,80,0,0,0,96.00,153.69,35.13,15.65,25.05,12.82,3.00,3.01,3.01,30.83,101411.89,-7.23,0.00,0.00,0.00
50,80,0,0,0,96.19,153.69,34.88,15.65,25.01,12.79,3.05,2.99,3.03,30.83,101411.96,-7.24,0.00,0.00,0.00
51,80,0,0,0,96.44,153.62,34.56,15.64,24.98,12.77,2.88,3.02,2.94,30.83,101412.53,-7.29,0.00,0.00,0.00
52,80,0,0,0,96.19,153.12,34.50,15.57,24.95,12.80,2.99,3.01,3.00,30.83,101412.53,-7.29,0.00,0.00,0.00
53,80,0,0,0,96.19,153.12,34.50,15.57,24.95,12.80,3.00,3.00,3.00,30.83,101412.53,-7.29,0.00,0.00,0.00
54,80,0,0,0,96.19,153.12,34.50,15.57,24.95,12.80,3.00,3.00,3.00,30.84,101412.40,-7.27,0.00,0.00,0.00
55,80,0,0,0,96.12,153.06,34.50,15.56,24.95,12.80,3.00,3.00,3.00,30.84,101412.24,-7.26,0.00,0.00,0.00
56,80,0,0,0,96.19,153.06,34.50,15.56,24.95,12.80,2.92,2.97,2.94,30.84,101411.72,-7.22,0.00,0.00,0.00
57,80,0,0,0,98.25,153.94,30.69,15.69,24.49,12.43,2.73,3.02,2.93,30.84,101411.59,-7.21,0.00,0.00,0.00
58,80,0,0,0,101.81,152.38,33.69,15.45,24.81,12.78,3.02,2.99,3.03,30.86,101408.41,-6.94,0.00,0.00,0.00
59,80,0,0,0,101.62,152.12,33.63,15.41,24.79,12.79,2.99,3.00,3.00,30.86,101408.28,-6.93,0.00,0.00,0.00
60,80,0,0,0,101.25,151.87,33.88,15.37,24.81,12.83,2.98,3.00,2.99,30.86,101408.58,-6.96,0.00,0.00,0.00
61,80,0,0,0,101.50,152.00,33.69,15.39,24.80,12.80,2.99,2.99,2.99,30.87,101408.69,-6.96,0.00,0.00,0.00
62,80,0,0,0,101.44,151.94,33.75,15.39,24.80,12.81,2.99,3.01,2.98,30.88,101408.77,-6.97,0.00,0.00,0.00
63,80,0,0,0,101.38,151.87,33.75,15.38,24.79,12.81,2.99,3.00,2.99,30.88,101408.47,-6.95,0.00,0.00,0.00
64,80,0,0,0,102.12,152.06,33.00,15.40,24.71,12.74,3.04,3.00,3.01,30.89,101408.98,-6.99,0.00,0.00,0.00
65,80,0,0,0,101.44,151.75,34.00,15.36,24.82,12.84,3.00,3.00,2.99,30.89,101408.72,-6.97,0.00,0.00,0.00
66,80,0,0,0,101.50,151.75,34.00,15.36,24.82,12.84,3.01,2.99,3.01,30.90,101409.13,-7.00,0.00,0.00,0.00
67,80,0,0,0,109.37,152.06,32.94,15.41,24.70,12.73,3.01,3.00,3.01,31.07,101406.45,-6.78,0.00,0.00,0.00
68,80,0,0,0,109.37,152.12,32.88,15.41,24.69,12.73,3.02,3.01,3.00,31.08,101406.73,-6.80,0.00,0.00,0.00
69,80,0,0,0,109.75,152.25,32.44,15.43,24.64,12.68,3.03,2.98,3.01,31.08,101406.83,-6.81,0.00,0.00,0.00
70,80,0,0,0,110.25,152.31,32.00,15.44,24.59,12.64,3.01,3.00,2.99,31.09,101407.14,-6.84,0.00,0.00,0.00
71,80,0,0,0,110.37,152.50,32.31,15.47,24.63,12.65,3.07,3.01,3.03,31.09,101407.02,-6.83,0.00,0.00,0.00
72,80,0,0,0,110.37,152.31,32.19,15.44,24.61,12.66,3.05,3.00,3.02,31.10,101407.27,-6.85,0.00,0.00,0.00
73,80,0,0,0,110.50,152.31,32.06,15.45,24.60,12.64,3.02,3.00,3.01,31.10,101407.14,-6.84,0.00,0.00,0.00
74,80,0,0,0,110.63,152.31,31.94,15.44,24.59,12.64,3.01,3.00,3.00,31.11,101407.41,-6.86,0.00,0.00,0.00
75,80,0,0,0,110.69,152.31,31.94,15.45,24.58,12.63,2.99,3.00,3.00,31.11,101407.14,-6.84,0.00,0.00,0.00
76,80,0,0,0,110.69,152.31,32.00,15.45,24.59,12.64,3.01,2.99,3.01,31.11,101407.18,-6.84,0.00,0.00,0.00
77,80,0,0,0,110.50,152.38,32.31,15.45,24.63,12.66,2.98,2.99,2.97,31.11,101407.01,-6.83,0.00,0.00,0.00
78,80,0,0,0,111.00,152.38,31.56,15.45,24.54,12.61,2.89,3.01,2.94,31.11,101406.61,-6.79,0.00,0.00,0.00
79,80,0,0,0,110.56,152.19,31.87,15.42,24.57,12.64,3.00,3.00,3.00,31.11,101406.78,-6.81,0.00,0.00,0.00
80,80,0,0,0,111.62,152.62,30.37,15.49,24.40,12.49,2.99,3.00,2.96,31.11,101407.14,-6.84,0.00,0.00,0.00
81,80,0,0,0,112.00,152.75,30.25,15.51,24.38,12.47,3.03,2.99,3.01,31.11,101407.31,-6.85,0.00,0.00,0.00
82,80,0,0,0,111.00,152.50,32.06,15.47,24.61,12.63,3.08,3.02,3.04,31.11,101407.06,-6.83,0.00,0.00,0.00
83,80,0,0,0,110.31,151.94,32.56,15.39,24.65,12.71,2.90,2.96,2.97,31.11,101407.41,-6.86,0.00,0.00,0.00
84,80,0,0,0,110.75,152.69,33.06,15.50,24.75,12.71,2.97,3.00,2.99,31.11,101407.23,-6.84,0.00,0.00,0.00
85,80,0,0,0,111.06,152.69,32.81,15.50,24.71,12.68,3.02,3.01,3.01,31.11,101407.31,-6.85,0.00,0.00,0.00
86,80,0,0,0,111.31,152.69,32.75,15.50,24.71,12.68,3.01,3.00,3.01,31.11,101407.48,-6.87,0.00,0.00,0.00
87,80,0,0,0,111.56,152.94,32.69,15.54,24.70,12.65,2.95,3.04,3.00,31.11,101407.48,-6.87,0.00,0.00,0.00
88,80,0,0,0,111.81,152.94,32.31,15.54,24.66,12.63,3.01,3.00,2.99,31.11,101407.23,-6.84,0.00,0.00,0.00
89,80,0,0,0,112.69,152.56,31.37,15.48,24.52,12.57,3.01,2.99,3.01,31.11,101407.06,-6.83,0.00,0.00,0.00
90,80,0,0,0,112.88,152.69,31.19,15.50,24.50,12.55,3.01,3.00,3.01,31.10,101406.48,-6.78,0.00,0.00,0.00
91,80,0,0,0,113.37,152.81,30.50,15.52,24.42,12.49,2.97,3.00,2.99,31.10,101406.31,-6.77,0.00,0.00,0.00
92,80,0,0,0,112.94,152.75,31.37,15.51,24.53,12.56,3.00,2.99,3.00,31.11,101406.54,-6.79,0.00,0.00,0.00
93,80,0,0,0,112.94,152.69,31.31,15.50,24.52,12.56,2.97,3.01,2.99,31.10,101405.97,-6.74,0.00,0.00,0.00
94,80,0,0,0,113.12,152.75,31.06,15.51,24.49,12.54,2.99,3.00,3.00,31.10,101405.92,-6.73,0.00,0.00,0.00
95,80,0,0,0,113.19,152.75,31.31,15.51,24.52,12.55,3.02,3.00,2.99,31.10,101405.88,-6.73,0.00,0.00,0.00
96,80,0,0,0,113.19,152.75,31.25,15.51,24.51,12.55,3.00,3.00,2.97,31.10,101405.14,-6.67,0.00,0.00,0.00
97,80,0,0,0,113.50,152.75,31.06,15.51,24.49,12.54,2.99,3.00,2.99,31.10,101405.31,-6.68,0.00,0.00,0.00
98,80,0,0,0,113.50,152.81,31.12,15.52,24.49,12.54,3.03,3.01,3.02,31.09,101404.75,-6.64,0.00,0.00,0.00
99,80,0,0,0,113.56,152.81,31.06,15.52,24.49,12.53,3.01,3.00,3.00,31.09,101404.57,-6.62,0.00,0.00,0.00
100,80,0,0,0,113.69,152.81,30.81,15.52,24.46,12.51,2.98,3.00,3.00,31.09,101404.05,-6.58,0.00,0.00,0.00
101,80,0,0,0,113.75,152.87,30.69,15.52,24.44,12.50,3.00,3.00,3.01,31.10,101403.92,-6.57,0.00,0.00,0.00
102,80,0,0,0,113.81,152.87,30.56,15.53,24.43,12.49,2.94,2.99,2.98,31.10,101403.92,-6.57,0.00,0.00,0.00
103,80,0,0,0,113.75,152.81,30.69,15.52,24.45,12.50,3.00,3.00,3.00,31.10,101403.75,-6.55,0.00,0.00,0.00
104,80,0,0,0,113.81,152.87,30.56,15.53,24.43,12.49,2.99,3.00,3.00,31.10,101403.96,-6.57,0.00,0.00,0.00
1,80,0,0,0,359.94,128.62,132.25,12.34,24.53,24.11,3.00,2.99,3.00,30.24,101400.11,-6.25,0.00,0.00,0.00
2,80,0,0,0,359.94,128.62,132.25,12.34,24.53,24.11,3.00,3.00,3.00,30.24,101400.80,-6.31,0.00,0.00,0.00
3,80,0,0,0,359.94,128.62,132.25,12.34,24.53,24.11,3.00,3.00,3.00,30.23,101401.05,-6.33,0.00,0.00,0.00
4,80,0,0,0,359.94,128.62,132.25,12.34,24.53,24.11,3.00,3.00,3.00,30.23,101401.53,-6.37,0.00,0.00,0.00
5,80,0,0,0,359.94,128.62,132.25,12.34,24.53,24.11,3.00,3.00,3.00,30.23,101402.02,-6.41,0.00,0.00,0.00
6,80,0,0,0,359.94,128.62,132.25,12.34,24.53,24.11,3.00,3.00,3.00,30.23,101403.05,-6.50,0.00,0.00,0.00
7,80,0,0,0,359.94,128.62,132.25,12.34,24.53,24.11,3.00,3.00,3.00,30.23,101403.75,-6.55,0.00,0.00,0.00
8,80,0,0,0,359.94,128.62,132.25,12.34,24.53,24.11,3.00,3.00,3.00,30.23,101404.27,-6.60,0.00,0.00,0.00
9,80,0,0,0,359.94,128.62,132.25,12.34,24.53,24.11,3.00,3.00,3.00,30.23,101404.97,-6.66,0.00,0.00,0.00
10,80,0,0,0,359.94,128.62,132.25,12.34,24.53,24.11,3.00,2.99,3.00,30.23,101405.48,-6.70,0.00,0.00,0.00
11,80,0,0,0,359.94,128.62,132.25,12.34,24.53,24.11,3.00,3.00,3.00,30.23,101405.96,-6.74,0.00,0.00,0.00
12,80,0,0,0,0.13,128.50,132.19,12.32,24.51,24.09,3.02,3.06,2.90,30.23,101406.66,-6.80,0.00,0.00,0.00
13,80,0,0,0,359.94,128.56,132.12,12.34,24.53,24.09,3.01,3.00,3.00,30.22,101406.22,-6.76,0.00,0.00,0.00
14,80,0,0,0,359.94,128.56,132.12,12.33,24.53,24.09,3.00,2.99,3.00,30.22,101406.00,-6.74,0.00,0.00,0.00
15,80,0,0,0,359.87,128.56,132.12,12.33,24.53,24.09,3.00,3.00,3.01,30.22,101406.27,-6.76,0.00,0.00,0.00
16,80,0,0,0,359.87,128.56,132.06,12.33,24.53,24.08,3.00,3.00,3.00,30.21,101406.22,-6.76,0.00,0.00,0.00
17,80,0,0,0,0.00,128.50,132.19,12.33,24.52,24.09,3.00,2.99,3.01,30.21,101406.35,-6.77,0.00,0.00,0.00
18,80,0,0,0,359.94,128.44,132.12,12.32,24.52,24.08,2.98,3.04,3.03,30.21,101406.14,-6.75,0.00,0.00,0.00
19,80,0,0,0,0.06,128.31,132.12,12.31,24.50,24.07,3.00,3.00,3.01,30.21,101406.44,-6.78,0.00,0.00,0.00
20,80,0,0,0,0.06,128.31,132.19,12.31,24.50,24.07,3.00,3.00,3.00,30.21,101406.61,-6.79,0.00,0.00,0.00
21,80,0,0,0,0.06,128.31,132.19,12.31,24.50,24.07,2.99,3.01,3.00,30.21,101406.78,-6.81,0.00,0.00,0.00
22,80,0,0,0,0.06,128.38,132.19,12.31,24.50,24.08,3.00,3.01,3.01,30.20,101406.59,-6.79,0.00,0.00,0.00
23,80,0,0,0,0.06,128.38,132.19,12.31,24.50,24.08,3.00,3.00,3.00,30.21,101407.13,-6.84,0.00,0.00,0.00
24,80,0,0,0,0.06,128.38,132.19,12.31,24.50,24.08,3.00,3.00,3.00,30.20,101406.94,-6.82,0.00,0.00,0.00
25,80,0,0,0,0.06,128.38,132.19,12.31,24.50,24.08,3.00,3.00,3.00,30.20,101407.29,-6.85,0.00,0.00,0.00
26,80,0,0,0,0.06,128.38,132.19,12.31,24.50,24.08,3.00,3.00,3.00,30.20,101407.81,-6.89,0.00,0.00,0.00
27,80,0,0,0,0.06,128.38,132.19,12.31,24.50,24.08,3.00,3.00,3.00,30.20,101407.98,-6.91,0.00,0.00,0.00
28,80,0,0,0,0.06,128.38,132.19,12.31,24.50,24.08,3.00,3.00,3.00,30.20,101408.16,-6.92,0.00,0.00,0.00
29,80,0,0,0,0.06,128.38,132.19,12.32,24.50,24.08,3.00,3.00,3.00,30.20,101408.11,-6.92,0.00,0.00,0.00
30,80,0,0,0,0.13,128.38,132.25,12.32,24.50,24.09,3.00,2.99,3.01,30.20,101408.04,-6.91,0.00,0.00,0.00
31,80,0,0,0,0.19,128.38,132.31,12.32,24.50,24.09,3.00,2.99,2.99,30.20,101408.39,-6.94,0.00,0.00,0.00
32,80,0,0,0,0.25,128.38,132.37,12.31,24.49,24.09,3.00,3.00,3.01,30.20,101407.98,-6.91,0.00,0.00,0.00
33,80,0,0,0,0.19,128.06,132.12,12.28,24.48,24.04,3.07,3.00,2.97,30.19,101407.77,-6.89,0.00,0.00,0.00
34,80,0,0,0,0.44,128.56,132.81,12.33,24.48,24.14,3.00,3.01,2.99,30.19,101407.95,-6.90,0.00,0.00,0.00
35,80,0,0,0,0.94,130.00,134.00,12.49,24.53,24.37,3.02,3.02,2.99,30.19,101407.95,-6.90,0.00,0.00,0.00
36,80,0,0,0,1.69,129.31,134.37,12.42,24.43,24.34,3.06,2.92,2.90,30.19,101408.25,-6.93,0.00,0.00,0.00
37,80,0,0,0,0.44,129.81,133.87,12.47,24.53,24.33,2.94,3.17,3.14,30.19,101408.59,-6.96,0.00,0.00,0.00
38,80,0,0,0,359.56,129.63,132.94,12.45,24.58,24.25,3.00,3.05,3.00,30.19,101408.90,-6.98,0.00,0.00,0.00
39,80,0,0,0,359.69,129.63,133.00,12.45,24.57,24.26,3.00,2.99,3.01,30.19,101408.68,-6.96,0.00,0.00,0.00
40,80,0,0,0,359.19,129.69,132.56,12.45,24.60,24.22,3.01,3.03,3.01,30.18,101408.98,-6.99,0.00,0.00,0.00
41,80,0,0,0,359.75,129.81,133.19,12.47,24.57,24.29,3.00,3.00,3.00,30.18,101409.50,-7.03,0.00,0.00,0.00
42,80,0,0,0,359.75,129.81,133.19,12.47,24.57,24.29,3.00,3.00,3.00,30.18,101410.03,-7.08,0.00,0.00,0.00
43,80,0,0,0,359.75,129.81,133.19,12.47,24.57,24.29,3.00,3.00,3.00,30.18,101410.13,-7.08,0.00,0.00,0.00
44,80,0,0,0,359.75,129.81,133.19,12.47,24.57,24.29,3.00,3.00,3.00,30.18,101410.25,-7.10,0.00,0.00,0.00
45,80,0,0,0,359.75,129.81,133.19,12.47,24.57,24.29,3.00,3.00,3.00,30.18,101410.20,-7.09,0.00,0.00,0.00
46,80,0,0,0,359.75,129.81,133.19,12.47,24.57,24.29,3.00,3.00,3.00,30.18,101410.55,-7.12,0.00,0.00,0.00
47,80,0,0,0,359.75,129.81,133.19,12.47,24.57,24.29,3.00,3.00,3.00,30.17,101410.31,-7.10,0.00,0.00,0.00
48,80,0,0,0,359.75,129.81,133.19,12.47,24.57,24.29,3.00,3.00,3.00,30.17,101410.27,-7.10,0.00,0.00,0.00
49,80,0,0,0,359.87,129.81,133.31,12.47,24.57,24.30,3.05,2.95,2.97,30.17,101410.05,-7.08,0.00,0.00,0.00
50,80,0,0,0,0.13,129.81,133.44,12.47,24.55,24.31,3.00,3.00,2.98,30.16,101409.97,-7.07,0.00,0.00,0.00
51,80,0,0,0,0.56,129.81,133.94,12.47,24.52,24.35,3.00,2.99,2.99,30.16,101409.75,-7.05,0.00,0.00,0.00
52,80,0,0,0,0.50,129.94,134.00,12.48,24.52,24.36,3.00,3.01,3.00,30.16,101409.70,-7.05,0.00,0.00,0.00
53,80,0,0,0,0.19,129.81,133.56,12.47,24.54,24.31,3.00,3.03,3.00,30.16,101409.66,-7.05,0.00,0.00,0.00
54,80,0,0,0,0.31,129.69,133.56,12.45,24.53,24.30,3.00,3.01,3.01,30.15,101409.44,-7.03,0.00,0.00,0.00
55,80,0,0,0,359.19,128.75,131.31,12.36,24.61,24.04,2.94,3.00,3.00,30.15,101409.22,-7.01,0.00,0.00,0.00
56,80,0,0,0,358.75,129.25,130.87,12.41,24.71,24.04,3.20,3.00,3.13,30.15,101409.00,-6.99,0.00,0.00,0.00
57,80,0,0,0,358.19,129.81,128.56,12.47,24.90,23.90,3.03,3.00,3.01,30.14,101408.44,-6.94,0.00,0.00,0.00
58,80,0,0,0,358.50,129.75,130.06,12.44,24.76,24.02,2.71,3.23,2.72,30.14,101408.22,-6.93,0.00,0.00,0.00
