TEAM ID,TIME STAMPING,PACKET COUNT,ALTITUDE,PRESSURE,TEMP,HUMIDITY,VOLTAGE,GNSS TIME,GNSS LATITUDE,GNSS LONGITUDE,GNSS ALTITUDE,GNSS SATS,ACCELEROMETER DATA,GYRO SPIN RATE,FLIGHT SOFTWARE STATE,ANY OPTIONAL DATA
Team052,2023-10-26 03:55:43,1,3050.3521546892784,921.1937713182637,-15.831831412527631,17.890102815071028,11.879649385109985,03:55:43,4.4962304217151114,35.18749871457055,2937.6537961386152,9,-0.40225111235705446,85.77045006422759,Running,Optional
Team052,2023-10-26 03:55:44,2,4490.7842685746045,989.9551146409314,39.90952991131713,40.17833315290233,11.765774115106383,03:55:44,-63.64412131178452,-155.0005385142613,2260.1512379452724,7,-1.6680307597924027,-155.1002498834785,Running,Optional
Team052,2023-10-26 03:55:45,3,9115.350758541632,921.6944499676808,18.503588076546933,48.08367605243946,12.664895886323357,03:55:45,-65.10262150994629,-23.092818821150047,2081.317039080638,4,1.8913640571869137,19.238633139520715,Running,Optional
Team052,2023-10-26 03:55:46,4,5648.161634415517,1062.619960254306,32.53314961865627,99.12877517911508,10.106312042280171,03:55:46,45.258972378777514,-14.558624220376231,4497.682264050821,6,1.2682274273513245,198.99563042028342,Running,Optional
Team052,2023-10-26 03:55:47,5,2441.571670211705,1062.6038664142552,8.345435615744005,66.57763019422224,11.472900595682194,03:55:47,-66.8021739945548,-75.52793011900384,2753.741587266172,12,0.20108302065679506,7.4342837186296435,Running,Optional
Team052,2023-10-26 03:55:48,6,3084.9349210682144,1083.8545589228033,23.44156914738967,9.801562226507599,13.902897166673192,03:55:48,27.475924877939832,-161.7557606558836,4557.986224253363,5,-0.5520814565144918,147.71654555253673,Running,Optional
Team052,2023-10-26 03:55:49,7,865.9483610938279,1044.3574894809524,8.54226962514182,98.25551521145368,11.601639500151013,03:55:49,58.81311724149916,143.96362245144348,939.0674941084876,9,-0.024963888745342278,-65.25990367464999,Running,Optional
Team052,2023-10-26 03:55:50,8,4015.480298599077,1028.1769819333958,8.163965742478961,2.1038239658700997,10.252486863560097,03:55:50,68.02286084989288,-169.10295577870198,4257.172172505409,11,-1.4330857589762136,123.35079334638749,Running,Optional
Team052,2023-10-26 03:55:51,9,8367.126381694494,957.5718151696814,-1.9021024040393222,20.305286830248683,10.6180878493414,03:55:51,-27.06027692063804,-152.30094187610638,4349.372335094111,10,-0.11707412243847148,-46.75842881161344,Running,Optional
Team052,2023-10-26 03:55:52,10,2.8130519017199873,991.4870286352758,33.56597076050709,6.660691393617924,11.486012631852565,03:55:52,-21.028123439211,-142.2162004646573,3612.7495186324936,4,-0.3569761912516989,110.3399452068602,Running,Optional
Team052,2023-10-26 03:55:53,11,3042.621619170195,910.5883653694914,-9.286787075592102,84.05198788874387,13.269335191408786,03:55:53,-89.82774013784618,162.08441324761236,3684.4335692392256,8,0.19957953074070112,-121.6152858138991,Running,Optional
Team052,2023-10-26 03:55:54,12,2228.8314431820822,1027.40857318206,33.125091808549485,93.69140128119219,12.298206326745602,03:55:54,-13.638398135405964,-108.43889626705506,128.68404138107303,4,0.4746777617498128,-108.10684471834394,Running,Optional
Team052,2023-10-26 03:55:55,13,2158.455439755127,935.4095032428495,-18.436023458781097,71.95127254223083,13.816885767415238,03:55:55,-71.85219926298169,-65.74973763986847,281.62499890690975,7,0.20012618293727336,-112.59464030704542,Running,Optional
Team052,2023-10-26 03:55:56,14,3850.2758667392022,900.228162185651,-17.373072494483438,99.28793663605573,12.559969142382144,03:55:56,-9.680894187705292,-144.2755380960446,4269.269643014743,5,-0.7459248967190057,36.87407098406155,Running,Optional
Team052,2023-10-26 03:55:57,15,9217.649411734155,945.9572661058284,39.545651408746124,13.890870468918981,10.418360902908685,03:55:57,76.9553374634259,-170.02158860414283,4501.6468854719515,9,-0.6880186685829424,-35.4955442004738,Running,Optional
Team052,2023-10-26 03:55:58,16,206.16329113590902,1004.1548529524429,6.6277518068244206,82.45284427802369,12.254279484589496,03:55:58,72.27888922552867,-21.671226378603308,4990.7913875235345,11,-0.8540158212592845,56.332563583314254,Running,Optional
Team052,2023-10-26 03:55:59,17,9998.050715104522,951.3499738702528,18.964305686515075,27.848653849146878,12.955804161808278,03:55:59,-36.52089803624273,-123.5379948566565,4733.81942018633,6,-0.5480279630206248,12.101303530613308,Running,Optional
Team052,2023-10-26 03:56:00,18,2264.4967617102675,942.3418551138453,35.23710816503233,43.95820334160179,12.759743384735259,03:56:00,11.359228024406193,-70.76332407349467,4237.956889513105,8,-0.7469920199547126,-52.64426381623656,Running,Optional
Team052,2023-10-26 03:56:01,19,1486.84719285476,980.9546545835244,26.413466106219346,28.639542934186245,12.665892241448905,03:56:01,-13.9062182133746,-114.4320444887442,1375.706761834599,7,1.9632472443574795,159.92999835673913,Running,Optional
Team052,2023-10-26 03:56:02,20,1751.5163367651164,1003.5135031155669,-10.090260444016685,96.39510585920561,13.077954367804697,03:56:02,-78.63520648831158,-3.035428283481224,4649.696563339485,8,-1.515951302857725,91.84137842852039,Running,Optional
Team052,2023-10-26 03:56:03,21,4873.57101560453,925.3536342184167,4.00659709790618,72.88223085891488,11.315996362420004,03:56:03,79.21091982298543,-105.50685075590387,1779.5833851121483,11,-1.174881848493166,139.7844216589378,Running,Optional
Team052,2023-10-26 03:56:04,22,5642.705319479574,1046.0494298426133,-5.247810146909597,88.83921566906264,11.574758566384318,03:56:04,-66.788852385778,10.07323830821116,2294.407337475769,10,1.3064839696167705,-99.57892063418363,Running,Optional
Team052,2023-10-26 03:56:05,23,2925.3586142483546,1098.276460999534,-8.690042943817415,28.597871684381794,13.005393655465172,03:56:05,-16.363851704739332,-148.22928282899264,1241.076365374939,11,-0.3333790372324872,121.22319057207005,Running,Optional
Team052,2023-10-26 03:56:06,24,2640.5987621273985,1074.3508439804227,16.616701703189477,82.40254413513887,10.082466544824324,03:56:06,-51.36773055776201,-139.54917055989407,4056.874219932004,9,0.7923176267904184,-64.68961788580282,Running,Optional
Team052,2023-10-26 03:56:07,25,7082.7621719250155,1025.2295670859298,17.831778628439388,83.4239225105177,10.800193065056348,03:56:07,-3.6207172632264246,36.66323708844058,666.0686947681371,8,-1.8630234122102869,-65.8913097514569,Running,Optional
Team052,2023-10-26 03:56:08,26,2428.26126484195,1087.4228712610156,23.98203456384139,35.79067088889488,12.594841515233082,03:56:08,20.103731776172935,116.52512375600611,2482.0172000879643,9,-1.3855897020835837,-115.1376986835131,Running,Optional
Team052,2023-10-26 03:56:09,27,937.8235943924695,1001.7595064197876,37.255350213382904,70.62791135978829,11.203194338998864,03:56:09,50.86774670571927,81.0870654219541,1023.7667121949562,4,0.7029464990213494,99.31201389153841,Running,Optional
Team052,2023-10-26 03:56:10,28,9950.232400802544,961.7886804613936,14.894072939056798,53.36670545641683,13.054735209051888,03:56:10,37.194636300950734,106.43255620838494,2194.1552657241164,5,-0.8969220481301967,-174.36196658855314,Running,Optional
Team052,2023-10-26 03:56:11,29,2321.3453421618856,1073.5648953816703,9.48654142748834,23.576785236449403,10.110223947971722,03:56:11,-20.00681897964587,-29.587430614555757,806.1518297407988,8,1.4000352947204493,148.70633733260757,Running,Optional
Team052,2023-10-26 03:56:12,30,6012.212039180153,909.7453986174174,39.27503100604479,80.89894472827734,12.301343324133187,03:56:12,-86.67762850097658,142.97537700720665,1868.9602677074802,9,-1.0537031272828314,-141.41047277456062,Running,Optional
Team052,2023-10-26 03:56:13,31,4301.07193993065,939.4838157382898,25.361828704763866,60.85639900449199,11.412571378292846,03:56:13,21.88997239723976,78.54431197494694,3451.3440853075303,9,-0.30933559256725385,-81.01588556699784,Running,Optional
Team052,2023-10-26 03:56:14,32,952.1272712403106,999.246653767786,7.8667558549931975,71.32842115520968,12.276888420976645,03:56:14,-61.98467797408651,-20.42786473843279,4321.58795299404,5,-1.7822376116219871,-130.86870843974938,Running,Optional
Team052,2023-10-26 03:56:15,33,553.7714031079043,922.0658188944225,-12.222735427627953,6.353990733411241,10.770796160287825,03:56:15,-20.522614598942823,58.34612269961926,1412.5809477370387,7,1.5820768235748948,-47.48719327358191,Running,Optional
Team052,2023-10-26 03:56:16,34,3556.9244084722527,938.9914659114244,26.965328183236146,74.44929898580776,12.204359932714912,03:56:16,78.19478304964787,-160.20046130659813,2451.0541899360087,9,1.9987470955627749,-190.72531741207425,Running,Optional
Team052,2023-10-26 03:56:17,35,9770.53213457238,959.6552698394307,32.852559171801985,65.38743446234648,10.88129063938959,03:56:17,49.67008895849003,131.5820481978035,174.64021270557018,7,0.7856310373397375,-75.27057066905707,Running,Optional
Team052,2023-10-26 03:56:18,36,188.93807883923475,1073.985614177029,34.565976932508526,60.85841597049997,10.888721644799087,03:56:18,-77.39828165475816,69.34386441840402,2128.842219711494,5,0.26111558674652535,180.82017508989873,Running,Optional
Team052,2023-10-26 03:56:19,37,1977.7755452708877,985.5751669793304,8.404051750188117,78.9249829418223,13.557847574075332,03:56:19,29.914720376607576,-0.7648288802636785,2076.173405554963,6,1.6607161812069782,-157.67965856194218,Running,Optional
Team052,2023-10-26 03:56:20,38,6116.2185299671755,1024.1737038877927,-8.831565766123807,26.924335555754062,10.947505914794228,03:56:20,68.00422498567926,155.73483118198868,1131.654648084246,10,1.8939311132370436,-103.44342832291424,Running,Optional
Team052,2023-10-26 03:56:21,39,8436.884857456706,1030.2940750647585,3.5340486974579406,88.5150662279717,13.542405852484048,03:56:21,-49.43823531623224,-74.1750583902173,3623.220369605696,11,-0.6643689236154575,-160.71118398901345,Running,Optional
Team052,2023-10-26 03:56:22,40,3590.007328879854,940.6528407073932,29.160982370951288,50.60292297418246,11.118705529224357,03:56:22,23.703023373640917,-72.11738437580941,3142.7718070899273,11,-1.863355982221369,-146.85220854790134,Running,Optional
Team052,2023-10-26 03:56:23,41,9445.252273934399,923.3570578864839,8.021261060116117,69.2589602907531,11.18192435856157,03:56:23,13.05321550186467,-169.2970650328338,2196.022410210095,5,1.861256515961434,135.83973949448148,Running,Optional
Team052,2023-10-26 03:56:24,42,901.359820916573,906.8370097235767,-3.4193189426929784,82.82517730080455,10.082551133910288,03:56:24,-33.5263552476832,-154.71019757190854,760.7397153077844,4,-1.960028611734269,132.14390341983074,Running,Optional
Team052,2023-10-26 03:56:25,43,6192.304246796645,1023.4304637967657,18.864735589550584,19.070366708674936,12.043970148279012,03:56:25,-2.1146476010980706,-121.49778011957656,2358.364259102932,6,1.899254494919064,-120.30287000652531,Running,Optional
Team052,2023-10-26 03:56:26,44,1790.4654867425718,1024.1171081671182,0.2237852362414685,93.86918466200676,13.401348218136043,03:56:26,5.381614830314234,33.927675906260475,4635.632475404399,11,1.9506073665981174,-158.05523124030077,Running,Optional
Team052,2023-10-26 03:56:27,45,110.19424496414798,943.5317405209128,-12.563566856774287,1.304247769012734,12.283070440792379,03:56:27,87.59815657985632,-64.15103709618633,2930.186403371799,5,0.7168392117004343,13.716565005396745,Running,Optional
Team052,2023-10-26 03:56:28,46,7154.857419021646,903.9521708158849,16.444844457995814,3.037930648781051,11.44643110282309,03:56:28,-84.72606408799344,-106.93204666125428,290.71989063113756,7,-0.7909931335395526,27.809968009911444,Running,Optional
Team052,2023-10-26 03:56:29,47,9304.249605480922,923.4198089935312,14.506618643764796,85.4707777326434,13.956412616544357,03:56:29,-42.67358937167869,-131.5946118198495,772.1175416892928,12,-1.4944286488283112,-49.711641913672,Running,Optional
Team052,2023-10-26 17:14:09,1,3777.898174781893,943.837181827946,-10.483600533778555,71.46482850621115,12.969102210604754,17:14:09,3.244140051739919,169.56118548867158,2303.329614907447,7,0.49652208721553537,21.05752873669809,Running,Optional
Team052,2023-10-26 17:14:10,2,8668.96594043768,1005.0080392104229,32.2542243899699,81.33989129569281,10.568630195521287,17:14:10,-27.073632711524496,121.14065363101759,811.2353498761966,10,0.9193213206334403,-189.3156480583344,Running,Optional
Team052,2023-10-26 17:14:11,3,2099.6854235921514,1042.7784024463795,14.419179327406304,7.91434472064042,12.945054075791425,17:14:11,-66.42611646111767,10.117332178712871,4819.893529574138,12,1.8659461839376092,-100.62133109295873,Running,Optional
Team052,2023-10-26 17:14:12,4,5436.743844934514,1097.3185467641363,2.6210664472880723,70.96063867302777,12.235222682426746,17:14:12,-60.4026645076079,83.12476592054236,3529.5172514543533,11,-1.3002757069337103,-131.27961185921708,Running,Optional
Team052,2023-10-26 17:14:13,5,2180.198298231123,991.060246303829,5.18062151975462,2.6188225784240404,11.76778142153759,17:14:13,14.027338485700938,85.19631468351514,3421.508351267869,12,0.8409013718660474,162.5312889178278,Running,Optional
Team052,2023-10-26 17:14:14,6,6391.902925637518,1010.365810103758,25.433085484042813,86.77466629088723,10.47848867155382,17:14:14,44.72737911057561,-89.62855539917021,3926.2910972759123,12,0.26680705159180906,-195.48313812483224,Running,Optional
Team052,2023-10-26 17:14:15,7,9146.589988369542,1042.8076838970935,21.097055795575386,37.800901675614874,13.204182591666086,17:14:15,-57.0505770163866,157.1888030330806,3275.4588282732266,7,1.0686388148196273,146.65574656074574,Running,Optional
Team052,2023-10-26 17:14:16,8,2740.0970271870397,1045.8121764966986,1.7296702904069967,93.48088676915856,12.289917252062674,17:14:16,81.61744787382241,74.44821368205996,4662.538149770455,10,-0.04993413415273773,-98.3938849728971,Running,Optional
Team052,2023-10-26 17:14:17,9,5926.971159279631,900.7318295594071,20.223417302921987,63.56501726359678,13.349511071674819,17:14:17,-69.63552108380058,-177.66224049574868,75.75649054655464,10,-1.1103733453577718,6.919849418601473,Running,Optional
Team052,2023-10-26 17:14:18,10,5761.641262711785,944.1339941275581,-4.458280842192202,49.2900711247394,11.88407229601843,17:14:18,-61.75403078443319,18.17234416696408,1970.6006992349417,5,0.08708407883392866,-147.06318162582895,Running,Optional
Team052,2023-10-26 17:14:19,11,6258.747096730332,955.5034186180674,-19.4894555913057,28.235208900345732,12.347229017029838,17:14:19,39.21160342580828,-19.147431141832783,1538.3142699015518,7,1.163971824889852,119.96178040898673,Running,Optional
Team052,2023-10-26 17:14:20,12,850.2428477058432,922.4123838439109,4.626893022867993,12.914741490590343,10.84814339143676,17:14:20,51.32373168406883,162.52831224980395,3527.8066497143614,8,1.3850243424112971,74.47529364968176,Running,Optional
Team052,2023-10-26 17:14:21,13,5754.193457104334,923.737587264961,-8.209907413343405,4.666964251006,11.548360695675768,17:14:21,-30.931217227678225,-31.738327182722458,3657.4470466112207,9,1.1409709978628881,105.61206715297294,Running,Optional
Team052,2023-10-26 17:14:22,14,1546.882006534831,1045.8577906707528,6.6491031226189605,84.57096251257352,11.630256445424582,17:14:22,-50.378467483492514,86.45953470801606,3521.5562495340723,8,0.4757768668001354,-164.86191908492606,Running,Optional
Team052,2023-10-26 17:14:23,15,2582.483567839405,1027.5885056779875,35.68831769529035,27.501225257908136,10.200438353208458,17:14:23,-72.91936809341138,13.55406407292952,4117.288957411029,6,-1.621532151125645,-101.2650589880265,Running,Optional
Team052,2023-10-26 17:14:24,16,989.7451951649905,1051.749935509841,-4.276441838080469,6.283214732955478,12.29745694194441,17:14:24,-3.5462485217239106,11.63205878703971,1249.1119586329835,4,-1.6927540763211937,-175.06203929990892,Running,Optional
Team052,2023-10-26 17:14:25,17,2031.1641919933986,959.9795633626268,28.98333163411919,29.098232390409372,10.269738696540074,17:14:25,9.73202160864328,-102.27844312489704,2591.3544162387566,10,1.9174559155563546,82.19592570015817,Running,Optional
Team052,2023-10-26 17:14:26,18,8483.73980387231,931.8889265223607,31.449214745048025,86.68545712117154,12.794504898932129,17:14:26,-36.26090659731907,22.054703886020746,2823.161627584749,11,0.6005219663518679,-64.90232722310978,Running,Optional
Team052,2023-10-26 17:14:27,19,9235.33900385606,930.9303088745844,-18.339376052355306,83.85898126175016,10.495335725787635,17:14:27,15.47790657331933,131.40475595798222,456.0002882266706,8,1.4843773739682722,1.7821377355967343,Running,Optional
Team052,2023-10-26 17:14:28,20,3537.0262259591855,1097.66654669749,-18.734950185609765,77.16595078229594,12.612197184406853,17:14:28,-58.244839765369775,-171.07165663745084,3521.9028279359595,11,0.42355001403648096,-134.33225407195093,Running,Optional
Team052,2023-10-26 17:14:29,21,5437.003162684737,1038.9234528726863,-16.527588717987744,40.24566997818311,10.631459802560704,17:14:29,86.86579608320369,137.57630655546586,2879.6152326141287,5,0.3018023089399575,129.12941742627993,Running,Optional
Team052,2023-10-26 17:14:30,22,1124.6698853242065,988.0761642272047,-13.555665953169813,98.17501476928487,10.086979662423367,17:14:30,75.87431383298014,-65.42386958721094,940.5865460431628,11,-0.11174228095946859,9.022820511579596,Running,Optional
Team052,2023-10-26 17:14:31,23,4472.916193934429,979.007034301952,32.444352369095455,27.07920303191034,11.8550408667688,17:14:31,89.77085897159228,124.64043130552619,2048.2764771140833,7,-1.892310698547631,97.42472458167884,Running,Optional
Team052,2023-10-26 17:14:32,24,6507.001883642663,966.166040194237,10.45839870069818,69.02063748948699,10.301718992729965,17:14:32,-22.065334741495505,122.0061960463683,1151.5593318433848,7,-0.2901801815021092,51.85754845377471,Running,Optional
Team052,2023-10-26 17:14:33,25,6706.629267756486,925.3137993510402,17.781649649150154,55.805377335316386,13.028887327605792,17:14:33,22.523118893173233,98.48240914178785,2763.220166018063,12,-0.12498157304032276,-175.21260472512523,Running,Optional
Team052,2023-10-26 17:39:07,1,7014.009308565672,1088.1067051789826,0.8526768757920848,93.94642555845898,11.631093916615242,17:39:07,-47.206026413354785,100.82959508771557,131.86240202141653,11,1.3686274465017974,28.878174088272914,Running,Optional
Team052,2023-10-26 17:39:08,2,4331.933885116376,908.4924841805612,-6.379025748656108,31.361548392111093,11.94737484588677,17:39:08,20.06311863921276,145.1397193790164,4417.477596723176,9,-0.8709686074840013,114.36156956538514,Running,Optional
Team052,2023-10-26 17:39:09,3,27.93419541451625,930.7996997838165,-10.625174036197073,84.26445416942914,13.4305234407815,17:39:09,84.72328436319555,-134.11319380284874,4005.948198040908,12,0.9101935303549329,54.50085589430631,Running,Optional
Team052,2023-10-26 17:39:10,4,1261.2915501946297,918.1183534333239,16.693899592045057,22.338976888332752,12.751546764198359,17:39:10,-64.4368960786436,-20.87893655949668,2940.904548496871,8,0.20536327365174323,-43.19657951985624,Running,Optional
Team052,2023-10-26 17:39:12,5,7561.604230939496,1079.5238783823622,-7.031973019034394,14.192581500096434,10.09248592868126,17:39:12,86.97847157287723,-0.6016951025693231,4628.618744233208,12,-1.3686175591953513,-184.68726929833633,Running,Optional
Team052,2023-10-26 17:39:13,6,1045.2072663202905,953.151021768324,20.919114701522965,90.33705944166034,10.205330587293457,17:39:13,-1.866810451021209,67.2796330192084,2142.9407570050466,11,-0.5705797924453782,159.48520277711793,Running,Optional
Team052,2023-10-26 17:39:14,7,1596.6209155926604,950.0619314699069,29.49921657449137,96.36202725443633,12.84043046965014,17:39:14,-45.89360656990118,-108.99453461453086,3021.939190521858,4,-0.7222455409507558,-183.0892332634727,Running,Optional
Team052,2023-10-26 17:39:15,8,1637.9275719932584,931.8783371344409,-5.012901364325078,51.5906489858495,10.567291008562718,17:39:15,-40.03612761871151,151.47209443959287,457.5515711193406,9,0.7149599055224152,-69.29260332966618,Running,Optional
Team052,2023-10-26 17:39:16,9,3308.1611955925937,952.1949594921053,-10.595693647972745,18.730599687630534,10.83120456568587,17:39:16,19.694000689824605,110.11567686367641,1606.8152479557007,10,-1.2797791401261374,35.73152543515795,Running,Optional
Team052,2023-10-26 17:39:17,10,1999.596191347721,1015.5230455752918,33.17586978097571,51.82816768753909,13.281572357953294,17:39:17,-83.4084451018161,-170.9323425024068,835.0221466012358,5,1.2618910085454744,11.424965039321535,Running,Optional
Team052,2023-10-26 17:39:18,11,5383.270599909415,1038.2794673478209,8.366814733916605,56.120547667876075,11.997515713520155,17:39:18,-29.842852335570363,97.45238836224064,1219.5592660689292,7,-1.328955852097054,82.69884476596724,Running,Optional
Team052,2023-10-26 17:39:19,12,8105.590613238637,1040.3799848732667,17.652592839543736,52.203260014761156,10.627411282924848,17:39:19,13.953779765842299,1.0288663410569825,2470.439599268765,7,-1.4746089307035128,-89.82537186899937,Running,Optional
Team052,2023-10-26 17:39:20,13,8733.850473879676,1010.1766366574848,36.0845484808082,14.357281948477208,10.0467525654913,17:39:20,72.16351698764043,-73.0397298959611,1733.1618216703155,8,-0.7447232059748918,164.00983890442257,Running,Optional
Team052,2023-10-26 17:39:21,14,3418.4220923784223,971.2458296193904,32.87767679397678,17.9935529215959,11.14347967274589,17:39:21,-82.4670291892009,15.09478890451308,4356.4401513046,9,-1.4966483887166318,31.491604114011693,Running,Optional
Team052,2023-10-26 17:39:22,15,7561.241930991371,900.4900916512522,35.08261463696294,37.85345288181349,11.413628845093571,17:39:22,-8.72088266486989,162.27528152057135,178.7696463617372,4,-1.5225958646747397,193.76217399023733,Running,Optional
Team052,2023-10-26 17:39:23,16,7240.430383368903,909.6506903194347,2.7583178360351894,46.13589965222621,10.871272990607547,17:39:23,78.95347920967862,128.7891432694068,4519.008736901877,6,-1.85277589906178,171.70983125905775,Running,Optional
Team052,2023-10-26 17:39:24,17,6085.2528225796295,1052.0325533262514,21.663451516499542,85.44571216270388,10.645913618460154,17:39:24,-9.94634980988505,-108.58713265080792,2929.105006618417,4,1.093241821275753,183.51599327745106,Running,Optional
Team052,2023-10-26 17:39:25,18,1699.1340997474401,1076.1456441137727,7.326206727655222,79.16861536423467,11.867864935827402,17:39:25,21.771356214775537,-89.83461374017926,3776.2433091067273,8,-0.47839934450915456,-160.4937160379843,Running,Optional
Team052,2023-10-26 17:39:26,19,2508.8417503490946,1040.9313157024849,-18.22314071982142,25.354143568538777,12.653593566952017,17:39:26,9.98287390111416,-110.71202644515714,33.16099775550529,6,-1.9991819504612298,-101.98438500357172,Running,Optional
Team052,2023-10-26 17:39:27,20,1159.0731855775916,979.9656240699928,13.267386497775128,55.26969512791665,10.822279746493663,17:39:27,-72.55430325219425,0.6194256850817226,3659.9829540888513,6,-0.376106720309092,-126.01747902125618,Running,Optional
Team052,2023-10-26 17:39:28,21,4905.121297931483,979.3828574307307,-12.643241472218525,76.2300313692281,10.446335854473691,17:39:28,-0.7417883363880406,53.48814811901846,3164.7029719626253,12,1.2796270328406667,179.6170898436281,Running,Optional
Team052,2023-10-26 17:39:29,22,7503.766217618067,923.4416382825452,31.025621569394836,87.34188216871497,13.102502411266169,17:39:29,5.706053750917235,-112.18381984665056,2482.6129767785505,4,1.5209298323026221,-43.47614982184385,Running,Optional
Team052,2023-10-26 17:39:30,23,2868.2836745216046,1097.6968283021472,19.724352652476405,85.64425664620904,12.120430655693012,17:39:30,-85.11067604543616,130.40548167648802,2106.234756069351,4,-1.0177380377212804,-195.49207738193982,Running,Optional
Team052,2023-10-26 17:39:31,24,1634.9130373432874,900.1813825708492,7.234655875742966,32.12101078158287,10.011065171991055,17:39:31,-62.55192954516923,16.025990708886923,2169.6054912749933,9,-1.2933046053751163,-180.73307742302296,Running,Optional
Team052,2023-10-26 17:39:32,25,7963.049757601468,1065.4129460690613,14.3401210527026,92.8464940528825,13.847409055285231,17:39:32,-70.52729925260294,99.65820208089991,2346.646645331787,4,-0.3960172031215259,-132.8412511105226,Running,Optional
Team052,2023-10-26 17:39:33,26,2681.102291201368,1096.374558406089,38.36309919596193,40.01693256653779,12.397776830980705,17:39:33,-18.458898478335968,-147.11233499576483,2475.6199582223003,9,-0.15226300201194842,-32.83137490650404,Running,Optional
Team052,2023-10-26 17:39:34,27,6041.068098895874,921.627431407167,36.54324553937016,10.618189659351152,10.795695262658755,17:39:34,75.21934285058035,-86.62372569625339,2261.892639362351,12,-0.6276318541192505,64.18594602878744,Running,Optional
Team052,2023-10-26 17:39:35,28,2155.3294516606816,1019.731716246429,4.21898171268467,2.948423466887551,11.849902008843385,17:39:35,-87.39241321833157,100.04300653578957,2684.621895103676,6,-1.9245864004570366,-198.03310933781734,Running,Optional
Team052,2023-10-26 17:39:36,29,7164.567884460702,1038.9926241757046,29.098880934877357,92.30532085153456,10.609935152906775,17:39:36,-5.9910616563829535,58.187080309341354,3257.0688287140397,9,0.6521574844821867,93.61339934794535,Running,Optional
Team052,2023-10-26 17:39:37,30,1184.7813640572247,1096.718822397529,25.28905945832753,33.46062488313751,12.14557876077863,17:39:37,-65.16793703404389,36.93138325283516,781.9291240946242,11,-0.6354050307293151,99.07418318504864,Running,Optional
Team052,2023-10-26 17:39:38,31,1531.1845807435077,982.3654102078597,-11.59388424701782,61.86700480590008,11.306676326736405,17:39:38,-52.99268929750286,136.82235360123008,949.9655936161988,11,-0.3227748911429318,-89.97351022611957,Running,Optional
Team052,2023-10-26 17:39:39,32,259.79670804165966,927.5174731646147,22.009260726039358,99.49153912530068,10.310945296097628,17:39:39,86.50891459656177,41.30265443618225,1908.0011066227964,10,0.5779364222502492,-104.08644291885048,Running,Optional
Team052,2023-10-26 17:39:40,33,2278.091313027001,969.0534612692726,5.90484136169254,11.410836317658823,13.427420841081398,17:39:40,60.78133264004316,130.83298527113834,2750.532815788688,7,-1.681387038715172,-135.34181216308843,Running,Optional
Team052,2023-10-26 17:39:41,34,7313.138158383644,1099.2821749901307,-15.852825315705129,5.9769015171384225,10.11655051421266,17:39:41,43.60233186169134,-54.20080206786528,648.6874864288671,4,-1.2070526791251162,66.45335659251003,Running,Optional
Team052,2023-10-26 17:39:42,35,9041.190703734585,1095.0503899451965,-15.25214067908611,90.28493036608829,10.911480596233606,17:39:42,78.7747942561941,119.03407575004132,1028.6245955550105,11,-0.5239387418750985,31.961106621689083,Running,Optional
Team052,2023-10-26 17:39:43,36,9498.701690431142,953.6734523179852,1.4423728172550128,68.91866327491245,10.699921137084875,17:39:43,14.11100540722137,150.71174291778607,922.8992272231079,4,-1.9485387034445263,-13.059256765953108,Running,Optional
Team052,2023-10-26 17:39:44,37,7789.063789817648,933.5034235167519,-8.818043493023108,48.00085776549514,12.394172189641765,17:39:44,-88.68836742651365,-142.33427443905353,1693.3678269387676,11,1.950938578661082,22.663497208975855,Running,Optional
Team052,2023-10-26 17:39:45,38,2346.459407143122,1003.9100059673035,39.10189966613594,40.67644506010836,11.211837872744319,17:39:45,-52.9902603283994,-123.53892243599724,1908.5227138276662,4,-0.6123623504482127,-51.75408963538894,Running,Optional
Team052,2023-10-26 17:39:46,39,4125.181818170509,928.176028893422,28.413660854987775,79.84140422167604,10.109043169682195,17:39:46,-67.14998127822679,-5.5954937690257225,558.7163395645666,6,-1.8698497994375685,-113.12508282756895,Running,Optional
Team052,2023-10-26 17:39:47,40,2964.013595120424,975.1918518802047,13.973664420805477,46.17312190431729,11.82580429357203,17:39:47,87.5801684404307,-18.833960528677807,221.05582914342503,8,0.07903885115331111,5.5943819353248045,Running,Optional
Team052,2023-10-26 17:39:48,41,8739.78221561469,1073.6228528062895,31.4198218830143,56.99616286595012,11.768835479997893,17:39:48,-24.756448626122946,28.888150670346334,1544.1385034374716,10,1.9923943630758396,147.3317116100685,Running,Optional
Team052,2023-10-26 17:39:49,42,3487.3053378186946,939.5699518671379,-8.64557994244759,56.413353097779876,12.950258280303604,17:39:49,-20.783462362482965,-117.65945037748742,2003.5628436083475,11,-0.9440568113751611,-166.54771938660167,Running,Optional
Team052,2023-10-26 17:39:50,43,1450.8212100002793,1075.7021116355484,5.01460909715918,72.04527804548782,13.300819708240128,17:39:50,-7.179752978305018,122.1611686385275,980.2859202463799,12,1.8740442320999326,-29.341805133882644,Running,Optional
Team052,2023-10-26 17:39:51,44,4860.177628315193,1023.4744190740992,16.20142402713617,75.35310976164025,11.85065834195294,17:39:51,-27.488450662639373,75.03320251452539,3833.705686416398,7,-1.2293673659183488,83.35698716144736,Running,Optional
Team052,2023-10-26 17:39:52,45,6521.098693358251,1023.5246055776248,0.04983351485525844,3.0949173022333576,12.938208457702656,17:39:52,42.69370195051789,50.102907054985764,4752.30669921061,7,0.9735757912760272,-90.8300054454624,Running,Optional
Team052,2023-10-26 17:39:53,46,5527.8806048017905,971.2575734557437,26.259933741693388,5.06320281499163,13.574611215349398,17:39:53,81.15937390840378,141.33157398107141,563.0532161525531,12,0.4018577656484661,20.98674556522039,Running,Optional
Team052,2023-10-26 17:39:54,47,4365.647800184689,1023.8310375520412,34.83481687116435,21.06458966357614,13.886385595962782,17:39:54,1.2688328686461432,71.18036812140045,1900.6173639003016,7,1.70474130727523,-44.39795526054252,Running,Optional
Team052,2023-10-26 17:39:55,48,6281.752307640593,1093.7076449372285,-10.871758891712304,1.3589550887861401,12.985778153370706,17:39:55,-34.469318367988464,132.05972968060718,4329.970486050725,4,1.339923109289391,-82.47160819541062,Running,Optional
Team052,2023-10-26 17:39:56,49,8813.009411057967,1090.2993067845493,2.442537908686287,82.65256782320802,13.0389365030085,17:39:56,-76.28045531582008,129.17534112806248,88.6060454574067,5,1.5011358473940337,176.35200185055015,Running,Optional
Team052,2023-10-26 17:39:57,50,5184.811926090487,1001.1217375114971,19.788377272672484,60.37130706487126,13.910275086463244,17:39:57,-62.54439960600257,-123.00624270203303,4702.3580319978055,4,1.6578954158331665,-197.2190709959158,Running,Optional
Team052,2023-10-26 17:39:58,51,5520.464631526912,934.9434295078493,-1.6254993938039277,47.095257397965085,12.94841217028388,17:39:58,-81.00249051469567,-108.36588740315773,1430.839382073747,9,0.4329223461708791,20.261236196348023,Running,Optional
Team052,2023-10-26 17:39:59,52,3451.838122801143,976.0860575270724,23.498654387953202,72.26033650998,13.347620383030353,17:39:59,58.303130111214784,153.68996239047806,3709.348536881613,4,-1.0247570047785377,156.37933680145022,Running,Optional
Team052,2023-10-26 17:40:00,53,7210.768341282396,984.3751607232341,-13.401055073223562,54.37629405026685,13.75738599001581,17:40:00,-21.011776352178245,-53.578062111079475,1245.6967854638613,9,-1.075587015219598,-65.23945202325896,Running,Optional
Team052,2023-10-26 17:40:01,54,7249.5543644536665,1060.8079696474497,13.546669723043003,82.97086352910696,11.375560493530969,17:40:01,-8.715444319290057,-8.31859633663592,4704.373035937067,6,1.7957334180066828,-2.423607541714347,Running,Optional
Team052,2023-10-26 17:40:02,55,5428.884030630701,926.1241138667745,-12.219870040232884,94.51252521727524,11.85440336759283,17:40:02,-46.397814149881754,41.10854499748112,3616.679521006064,9,0.32401959986247375,90.4142528866094,Running,Optional
Team052,2023-10-26 17:40:03,56,9217.856843640522,983.7895304130816,19.569215563683194,72.2575500580049,13.042722661921596,17:40:03,22.768810430556357,-154.15123344453548,3168.576957664232,5,1.5227205582451613,127.09584381501588,Running,Optional
Team052,2023-10-26 17:40:04,57,4649.527046258306,920.4662740719995,13.016737963518075,95.08899505817958,13.478192314413796,17:40:04,73.28830559934329,179.82793662200885,4126.108939533919,7,-0.8499876934985173,-114.60406361523839,Running,Optional
Team052,2023-10-26 17:40:05,58,2540.1501716945786,927.7301253083589,-7.865883545966009,96.0028644709405,12.02832851891548,17:40:05,-89.46668799149032,-168.858907042587,2904.2430742294314,7,-0.14085289738558293,-58.25737652979171,Running,Optional
Team052,2023-10-26 17:40:06,59,2004.3071388246003,939.1854755172184,-9.227765734049063,16.980184392233035,10.155217028875123,17:40:06,-26.804973958366254,-147.55717088560874,2247.4314538347794,12,0.8692200587280428,-55.95600425019671,Running,Optional
Team052,2023-10-26 17:40:07,60,3106.4471877148058,936.9029260427918,23.825709130032948,40.847262575402695,13.723399607748776,17:40:07,6.294425662755344,130.95288087580388,1511.8115698391293,5,-1.6273390586937886,49.71019322540488,Running,Optional
Team052,2023-10-26 17:40:08,61,9094.105031951422,1082.8722917581556,38.18244597899088,96.60411235928505,12.816181572605975,17:40:08,-42.10612684575353,-14.66315587927184,1801.7068644583273,11,1.5382281070702892,-186.892592048465,Running,Optional
Team052,2023-10-26 17:40:09,62,7247.073514691712,933.7038893626496,-4.269444178756636,77.48625171380455,10.079328035478023,17:40:09,-76.25271917810315,-113.72080524610752,4101.812629311261,7,0.24395370086840185,162.7908794337102,Running,Optional
Team052,2023-10-26 17:40:10,63,7637.718274487743,1081.2518624713962,3.9227706165366207,42.83810828083623,13.036853533673105,17:40:10,88.59693616953882,172.4336566183025,1238.7419945164825,5,0.09964610328321033,194.74287368937547,Running,Optional
Team052,2023-10-26 17:40:11,64,416.4144963864136,1081.7227576446853,25.779374083511506,3.108146858021077,12.648921522881924,17:40:11,42.17363716344053,15.750236904916676,3988.118650073941,4,-0.1401347626744216,129.18236259197238,Running,Optional
Team052,2023-10-26 17:40:12,65,5106.784093097104,1068.9162834862004,5.139274866609384,89.76799441227362,13.559142422260868,17:40:12,-13.284502881447125,-36.269781928951375,1348.3590341849267,5,0.8380765722867727,34.562410020849484,Running,Optional
Team052,2023-10-26 17:40:13,66,3213.3415318798984,1006.9581272265283,-9.375914954236919,99.48365065700058,13.264273862952338,17:40:13,-22.8261129839658,157.53798187401543,1852.753407656768,8,1.0729459982407912,-143.10362099139567,Running,Optional
Team052,2023-10-26 17:40:14,67,6300.342529737552,983.3850674410899,24.12848365777854,56.94563929857367,13.04012130052872,17:40:14,-59.36743593563543,-32.493199643714405,2198.978293756748,7,1.0761735658393525,-77.43640068478301,Running,Optional
Team052,2023-10-26 17:40:15,68,3011.0898969303666,919.2311780736308,-8.86285876537777,44.50338937148476,10.268012466916032,17:40:15,-11.9348839814796,-46.37572023063879,4893.625504226313,12,-1.639281937174332,-86.18347959675243,Running,Optional
Team052,2023-10-26 17:40:16,69,4290.277354642696,924.5381321508937,9.303939215203133,70.48497456461801,13.294071932792843,17:40:16,-4.047035714362025,79.99365541836966,3472.099534688847,4,-0.9925172721568383,30.219979657187537,Running,Optional
Team052,2023-10-26 17:40:17,70,7332.5192520819,1013.5229684518498,37.03536685323518,34.714967508047145,11.082110322031689,17:40:17,63.649158913514896,164.96904827921344,4241.413408622672,9,0.26830253872237764,-140.10605633321615,Running,Optional
Team052,2023-10-26 17:40:18,71,9759.999272856372,1026.0153388227352,32.73677681328122,47.242233640535616,10.028593172290439,17:40:18,-73.08603829481578,-140.42235331877623,3572.1869010684572,12,-1.3571499497688526,13.380296811854294,Running,Optional
Team052,2023-10-26 17:40:19,72,9590.457075608903,1034.4922606224502,7.569127442599601,65.63830243426966,10.959250851084281,17:40:19,-43.79933453940714,89.52564448354832,4907.653958988094,7,1.3561624453348111,-154.71022814723048,Running,Optional
Team052,2023-10-26 17:40:20,73,6603.562497672393,955.083796196484,12.17976109263875,20.9999330919621,10.651959040939104,17:40:20,75.68547602520721,96.28835593646511,3697.681211610168,8,-1.4072773880912286,-165.245409660493,Running,Optional
Team052,2023-10-26 17:40:21,74,297.59736067409005,986.9599250753824,33.297174622252406,59.76214993298594,10.244792326002553,17:40:21,86.87105127578843,88.83382339183345,2714.539392264888,10,-0.8577207610362527,-136.34417137777896,Running,Optional
Team052,2023-10-26 17:40:22,75,5166.454444569235,995.7995332344193,31.35637373475752,46.66082431086945,10.530651670509869,17:40:22,-6.718099959433701,-15.75357691961699,2210.9841813374296,5,0.9484134489685574,21.183316622588137,Running,Optional
Team052,2023-10-26 17:40:23,76,7316.227884768827,920.1997330916377,10.411277331765096,60.14626358088143,10.918906189564103,17:40:23,46.889526946008516,-129.73947478248277,1991.9190593276492,4,-1.290837492150525,-144.586958204507,Running,Optional
Team052,2023-10-26 17:40:24,77,1354.9998116389118,1041.3430937002229,-5.210598685601351,72.95652138565963,13.067789506846783,17:40:24,36.011639578273034,158.4166559683573,4626.121684729818,10,-0.5369862846750459,120.45765391048496,Running,Optional
Team052,2023-10-26 17:40:25,78,7800.306588565396,933.0968263526088,22.861077450307356,79.93436023393909,11.915863703425316,17:40:25,17.986521607187953,124.77858712494242,3500.00969915599,6,0.760077962240326,64.90339267859065,Running,Optional
Team052,2023-10-26 17:40:26,79,7677.554906718891,1041.9236036035147,16.20105742802658,63.15622622933689,13.617146551039147,17:40:26,82.72887678712831,137.43243588482227,633.1029760042505,7,0.2942041665176789,-65.14313781537479,Running,Optional
Team052,2023-10-26 17:40:27,80,9724.46886896668,909.8056678698981,33.45764266453125,18.4256449442882,13.67089331396959,17:40:27,56.44679659940351,-178.38632145505434,1060.025960529677,7,-0.27999802933411777,-47.90885806848007,Running,Optional
Team052,2023-10-26 17:40:28,81,6808.490938796049,1022.2135010399562,-6.960352398865233,3.6499216065833617,10.404707525376457,17:40:28,78.39813656670998,86.22791381944415,4369.523173842158,6,-1.730372400621715,-4.210011896947151,Running,Optional
Team052,2023-10-26 17:40:29,82,9361.160001341235,1059.4151808712393,-16.527837418100727,83.43268508462077,12.17722102741617,17:40:29,-33.754879431132444,-50.12097984229618,3791.50906591055,11,1.1764815499494823,162.49956087432105,Running,Optional
Team052,2023-10-26 17:40:30,83,6326.267529545437,1050.3734963895213,6.884555180059248,19.337319813419807,11.804109511072426,17:40:30,41.72069677462193,-129.82529131232144,1558.5862127326604,10,1.9099005694429718,-77.04080253562964,Running,Optional
Team052,2023-10-26 17:40:31,84,6070.986109681468,918.6341945186456,0.7799744982499845,61.19819079615929,11.849016342556856,17:40:31,5.688242476877491,125.78330879985515,260.76633214569875,7,-1.3480609145591735,96.75222936496613,Running,Optional
Team052,2023-10-26 17:40:32,85,7418.7866005613105,905.5703424921002,-9.401291669811977,62.58776777517807,13.55265864162594,17:40:32,-44.84101749034843,152.45712199113325,4434.58378306988,6,1.6825608083869246,16.897773364443367,Running,Optional
Team052,2023-10-26 17:40:33,86,1521.3951221583666,1013.7122294408997,-14.980657252211149,46.02772048979526,10.753478717356693,17:40:33,20.452655020390424,-158.7948684782147,4885.570263024692,7,0.5544828512917288,-76.66992106663551,Running,Optional
Team052,2023-10-26 17:40:34,87,6610.112766807805,904.9876590414,25.59226638787166,55.291322509113364,12.769295180088607,17:40:34,-0.7941691495942962,12.821277377372525,4062.90649060756,10,0.066791697729645,-12.97877413096623,Running,Optional
Team052,2023-10-26 17:40:35,88,1450.745234209354,1080.9228451133436,38.63003253493112,67.99988536490386,13.68784293565032,17:40:35,19.893534287260536,-58.70673768009303,3513.4641795050993,9,-0.48405648914622734,85.22858936655012,Running,Optional
Team052,2023-10-26 17:40:36,89,7641.329383506479,1095.5989809131643,5.456216618097113,92.725102211738,13.482414208969363,17:40:36,35.38552642293307,-4.417280725394136,4849.8414016964,9,-0.6627510059283304,-6.904877316937473,Running,Optional
Team052,2023-10-26 17:40:37,90,3006.7882810754377,1087.695704262129,-13.467428673772119,54.54800460605584,13.56091708089728,17:40:37,82.60518497424741,-114.17382459897775,3996.2532482656397,9,-0.23415364524291737,172.56349425639786,Running,Optional
Team052,2023-10-26 17:40:38,91,5940.238598978716,939.9739169914423,0.021565740911977826,59.360548565296256,10.654734851907053,17:40:38,24.54116370441467,-141.79041046773943,2404.211578722784,4,1.9232240139931505,85.92466470741795,Running,Optional
Team052,2023-10-26 17:40:39,92,4628.949621157319,942.7637788739247,18.790456057101032,91.42638893498633,10.01414356185684,17:40:39,83.04235436447846,-174.92336494852674,1113.1117232728172,5,1.0189662676099993,144.7901532345087,Running,Optional
Team052,2023-10-26 17:40:40,93,4367.185376330524,949.444827722266,30.797261693847332,37.95411473018652,13.177610667960005,17:40:40,-73.42131113255608,78.51095067505372,1518.8727042025546,6,-1.6857850225818876,-185.42328797290523,Running,Optional
Team052,2023-10-26 17:40:41,94,6013.96272537166,1087.3303924796085,15.617107064956421,62.17494192776856,11.645790089549788,17:40:41,-37.50299498359114,49.740196010452536,3091.7190567734237,9,-0.003227940211320668,-180.24165481953546,Running,Optional
Team052,2023-10-26 17:40:42,95,8562.45694336981,1073.4912656951233,-9.470468396782747,27.500532399540813,12.415179568981822,17:40:42,-38.13233666572689,169.77530910054406,4456.2088912952295,9,-0.1340807474866903,154.54928510388532,Running,Optional
Team052,2023-10-26 17:40:43,96,9674.552625970398,918.1401603198813,16.951636913324748,22.543811411964153,11.571014693075728,17:40:43,-75.79973696883894,-37.88016258774775,577.0797630264102,11,0.24540516323422157,49.099944598479624,Running,Optional
Team052,2023-10-26 17:40:44,97,1423.5751096451,910.2804615152762,34.70623773166828,43.30819135516428,13.55178238127708,17:40:44,-88.45750758619903,167.26217070304637,1487.134591500704,10,1.4358946569922582,30.5587888470115,Running,Optional
Team052,2023-10-26 17:40:45,98,229.50936970243086,1068.6384737706435,32.49206731409866,96.18681441240233,13.087092882868252,17:40:45,-89.02776728022856,-133.13194149666958,3800.463438994816,4,-1.2257579320410676,-18.361459086450623,Running,Optional
Team052,2023-10-26 17:40:46,99,8412.730924936197,905.7031647539017,3.705014095711512,2.174982755864463,11.416398904251837,17:40:46,-74.46865797442094,148.8047739822975,3031.1279661296394,4,-1.2642104619161647,-121.4011869993794,Running,Optional
Team052,2023-10-26 17:40:47,100,6966.861713675066,1007.2774353164185,20.122549755404172,74.30954232716661,10.217187378821333,17:40:47,-25.56564609683072,84.24839413804233,3662.547637740517,8,1.5802499763706028,196.68311020643296,Running,Optional
Team052,2023-10-26 17:40:48,101,4721.465812602146,1096.612968101331,-14.529695362363865,38.895316251968545,12.34644853076015,17:40:48,85.44724354218039,-178.00194879598382,2067.1125873319675,6,-0.9238229361177965,174.45971639905872,Running,Optional
Team052,2023-10-26 17:40:49,102,9870.745178611207,943.732972632386,-19.837919626027187,4.581231272130337,13.487922667074058,17:40:49,31.035568589713606,115.66134244016615,4893.021169403746,6,1.7319558955970011,-66.20437647399254,Running,Optional
Team052,2023-10-26 17:40:50,103,6890.348272496677,1075.46816622903,-5.936443384416206,44.825285241326775,12.864969550619616,17:40:50,24.457859620996814,84.20890948965575,4822.300581866293,7,-1.0153462911799327,-114.28731900284261,Running,Optional
Team052,2023-10-26 17:40:51,104,6367.139411702393,991.7587071855434,-19.219008198307353,3.376987692783451,11.980725653731948,17:40:51,62.35021244058055,9.036293970061337,3462.148632255083,6,-1.0679223474362134,99.2462906868036,Running,Optional
